初始,代码,名称,最新,涨幅%,涨跌,总量,现量,买入价,卖出价,涨速%,换手%,金额,市盈率, 所属行业,最高,最低,开盘,昨收,振幅%,量比,委比%,委差,均价,内盘,外盘,内外比,买一量,卖一量,市净率,总股本,总市值,流通股本,流通市值,3日涨幅%,6日涨幅%,3日换手%,6日换手%,自选时间,自选价格,自选收益,连涨天数,本月涨幅%,今年涨幅%,近一月涨幅%,近一年涨幅%,昨日涨幅%,昨成交量,昨成交额,昨量比,昨换手%,实体涨幅%,5日涨幅%,本月涨幅%,近一月涨幅%,5日换手率%,10日换手率%,连涨天数,总市值,流通市值,人均持股数(最新公告),市盈率(动),市盈率(TTM),市净率,市销率,股息率TTM%,每股收益(期末股本),每股收益(TTM),加权净资产收益率%,总资产收益率%,营业总收入同比%,归属净利润同比%,扣非净利润同比%,现金流量比例%,销售毛利率%,总负债,资产负债比率%,股利支付率%,竞价涨幅%,竞价换手率%,竞价实际换手率%,竞价量,竞价金额,未匹配量,未匹配金额,竞昨量比,竞昨成交比%,首次涨停时间,封单额,最终涨停时间,封单额,封单量,昨封单额,昨封单量,封成比%,昨封成比%,封流比%,涨停开板次数,今年累计涨停天数,几天几板,主力净流入,主力净比,3日主力净流入
1,002568,百润股份,19.06,4.38,0.80,39.3万,2719,19.06,19.11,-0.63,5.15,7.51亿,22.93, 非白酒,19.44,18.62,18.99,18.26,4.49,4.62,35.79,253,19.12,19.5万,19.8万,0.99,45,40,3.94,10.42亿,198.5亿,7.631亿,145.4亿,12.51,11.59,8.02,10.72,2026/04/29,18.26,4.38%,2,12.45,-12.61,8.91,-20.48,10.00,16.0万,2.92亿,4.62,5.15,0.37,11.27,12.45,8.91,9.80,13.35,2,198.5亿,145.4亿,1.74万,22.93,29.52,3.94,6.77,1.57,0.530,0.646,4.27,6.66,8.54,19.34,-7.93,0.33,70.31,33.8亿,39.53,48.80,4.00,0.1190,0.1824,9080,1724万,210,39.96万,1.92,5.67,—,—,—,—,—,2770万,1.52万,—,9.47,—,0,1,昨日首板,-3890万,-0.41,5269万
2,000716,黑芝麻,5.14,-0.77,-0.04,47.8万,1.61万,5.13,5.14,0.39,6.46,2.46亿,425.61, 休闲食品,5.28,5.08,5.20,5.18,3.86,2.10,42.10,6457,5.16,25.4万,22.3万,1.14,520,190,1.52,7.529亿,38.70亿,7.388亿,37.97亿,11.98,1.18,18.01,21.87,2026/04/29,5.18,-0.77%,-1,-2.28,-17.50,-2.84,-24.74,9.98,45.1万,2.30亿,2.10,6.46,-1.15,3.01,-2.28,-2.84,20.33,26.03,-1,38.70亿,37.97亿,8795,425.61,90.41,1.52,1.65,0.97,0.009,0.057,0.27,0.19,-7.52,-83.67,-114.28,0.07,22.64,18.7亿,40.85,0.00,0.39,0.2434,0.3448,1.80万,935万,69,3.59万,3.37,3.99,—,—,—,—,—,4343万,8.38万,—,18.59,—,0,1,昨日首板,-824万,-0.31,7218万
3,000818,航锦科技,15.32,-0.65,-0.10,75.5万,1.10万,15.32,15.33,-0.20,11.47,11.81亿,499.27, 化学原料,16.41,15.30,16.00,15.42,7.20,1.74,68.37,4302,15.65,42.1万,33.4万,1.26,918,12,4.38,6.600亿,101.1亿,6.582亿,100.8亿,8.73,5.58,27.01,44.46,2026/04/29,15.42,-0.65%,-1,-27.19,-20.62,-27.84,-33.59,9.99,75.6万,11.51亿,1.74,11.47,-4.25,4.57,-27.19,-27.84,38.67,64.87,-1,101.1亿,100.8亿,5302,499.27,-10.06,4.38,2.40,—,0.020,-1.522,0.66,0.78,1.38,-62.72,-92.68,0.22,18.49,58.6亿,67.96,0.00,3.76,0.4036,0.5535,2.66万,4250万,755,121万,3.91,3.51,—,—,—,—,—,4861万,3.15万,—,4.17,—,0,3,昨日首板,-5969万,-0.81,1.90亿
4,000039,中集集团,12.39,-0.32,-0.04,74.5万,5899,12.39,12.40,0.32,3.24,9.19亿,302.57, 通用设备,12.60,12.05,12.52,12.43,4.42,1.51,-22.73,-1118,12.33,35.7万,38.9万,0.92,371,300,1.44,53.93亿,668.1亿,23.01亿,285.1亿,11.02,6.81,8.71,13.94,2026/04/29,12.43,-0.32%,-1,14.40,22.79,13.67,69.03,10.00,86.6万,10.39亿,1.51,3.24,-1.04,9.26,14.40,13.67,12.29,25.12,-1,668.1亿,285.1亿,6.46万,302.57,302.57,1.44,0.43,1.41,0.030,0.041,0.29,0.78,-11.85,-92.57,-100.90,0.24,12.45,1000亿,59.94,425.28,0.72,0.0276,0.0319,6360,796万,19,2.39万,10.69,0.73,—,—,—,—,—,4862万,3.91万,—,4.52,—,0,3,昨日首板,1.44亿,0.58,2.86亿
5,600392,盛和资源,26.03,-0.61,-0.16,95.8万,1.01万,26.03,26.04,-0.08,5.46,25.02亿,43.45, 小金属,26.59,25.81,26.19,26.19,2.98,1.19,-5.68,-701,26.13,47.9万,47.8万,1.00,1618,1916,3.43,17.53亿,456.3亿,17.53亿,456.3亿,7.21,-4.93,14.50,28.52,2026/04/29,26.19,-0.61%,-1,16.21,20.90,13.47,157.98,10.00,111万,28.29亿,1.18,5.46,-0.61,4.29,16.21,13.47,21.06,47.84,-1,456.3亿,456.3亿,9346,43.45,50.59,3.43,3.36,0.46,0.449,0.515,8.55,4.37,26.87,748.07,825.82,0.07,10.09,72.2亿,32.59,73.12,0.00,0.1047,0.1420,1.84万,4808万,1742,456万,6.74,1.65,—,—,—,—,—,5730万,2.19万,—,1.97,—,0,3,昨日首板,-1.66亿,-0.49,1.93亿
6,002378,章源钨业,33.86,2.86,0.94,136万,1.21万,33.85,33.86,-0.06,11.40,46.10亿,140.15, 小金属,34.73,32.35,32.80,32.92,7.23,1.76,-66.11,-5945,33.85,69.4万,66.8万,1.04,552,26,17.41,12.01亿,406.8亿,11.95亿,404.7亿,15.44,0.98,27.20,43.80,2026/04/29,32.92,2.86%,3,8.14,138.79,7.53,445.25,9.99,112万,35.49亿,1.76,11.40,3.23,7.94,8.14,7.53,36.08,73.70,3,406.8亿,404.7亿,1.22万,140.15,140.15,17.41,8.60,0.21,0.240,0.242,13.04,3.63,41.61,68.73,31.69,0.18,13.92,32.4亿,59.10,49.64,-0.36,0.1282,0.2983,1.53万,5025万,152,49.95万,2.26,1.37,—,—,—,—,—,6304万,1.92万,—,1.72,—,0,7,昨日首板,-1.09亿,-0.62,4.11亿
7,603013,亚普股份,20.41,1.90,0.38,19.0万,3192,20.41,20.50,-0.92,3.75,3.87亿,19.64, 汽车零部件,20.94,19.87,20.60,20.03,5.34,5.91,21.58,109,20.33,8.93万,10.1万,0.88,56,18,2.30,5.082亿,103.7亿,5.082亿,103.7亿,8.28,4.83,5.30,6.92,2026/04/29,20.03,1.90%,2,7.65,-17.27,5.42,39.89,9.99,5.33万,1.06亿,5.91,3.75,-0.92,6.91,7.65,5.42,6.38,9.30,2,103.7亿,103.7亿,3.03万,19.64,19.64,2.30,1.14,1.96,1.030,1.039,12.10,8.33,13.09,5.62,2.47,0.34,15.10,24.3亿,32.65,38.52,2.85,0.0697,0.3487,3542,730万,578,119万,1.33,6.65,—,—,—,—,—,6480万,3.24万,—,60.75,—,0,1,昨日首板,3835万,1.85,5524万
8,000692,惠天热电,5.00,0.81,0.04,67.7万,4635,4.99,5.00,-0.79,12.71,3.34亿,-6.31, 电力,5.16,4.80,5.16,4.96,7.26,3.90,-73.04,-6746,4.93,33.1万,34.6万,0.95,168,1882,-20.63,5.328亿,26.64亿,5.328亿,26.64亿,12.61,12.61,19.71,29.01,2026/04/29,4.96,0.81%,4,0.60,45.35,11.86,56.25,9.98,19.0万,9292万,3.90,12.71,-3.10,12.11,0.60,11.86,25.56,39.81,4,26.64亿,26.64亿,2.08万,-6.31,-13.86,-20.63,1.27,—,-0.594,-0.361,0.00,-7.62,-0.40,30.37,31.02,-0.12,-16.70,54.8亿,103.87,0.00,4.03,0.4840,0.6913,2.58万,1331万,987,50.90万,2.89,13.58,—,—,—,—,—,7403万,14.9万,—,78.63,—,0,2,昨日首板,759万,0.41,3384万
9,000402,金 融 街,3.17,10.07,0.29,123万,3978,3.17,—,0.00,4.10,3.85亿,-5.27, 房地产开发,3.17,3.02,3.11,2.88,5.21,4.26,100.00,13.9万,3.14,60.5万,62.1万,0.97,12.8万,0,0.40,29.89亿,94.75亿,29.89亿,94.74亿,20.08,15.27,5.67,8.91,2026/04/29,2.88,10.07%,2,23.83,15.27,23.35,4.28,9.92,23.7万,6815万,4.26,4.10,1.93,18.28,23.83,23.35,7.65,16.58,2,94.75亿,94.74亿,4.35万,-5.27,-0.97,0.40,0.69,—,-0.450,-3.285,-5.57,-1.26,-46.21,48.39,52.87,0.11,13.09,877亿,77.11,0.00,7.99,0.4432,0.9191,13.2万,4120万,9830,306万,1.45,55.98,09:32:15,4056万,09:33:45,4056万,12.8万,7540万,26.2万,10.44,110.63,0.43,1,4,2天2板,6859万,1.50,9913万
10,002805,丰元股份,22.85,10.01,2.08,13.0万,218,22.85,—,0.00,4.68,2.97亿,-12.82, 电池,22.85,22.22,22.68,20.77,3.03,0.62,100.00,4.30万,22.75,9.33万,3.72万,2.51,4.01万,0,6.48,2.801亿,63.99亿,2.785亿,63.65亿,24.46,26.66,22.59,42.73,2026/04/29,20.77,10.01%,5,30.87,28.88,30.95,102.03,10.01,24.5万,5.05亿,0.62,4.68,0.75,27.87,30.87,30.95,34.88,71.62,5,63.99亿,63.65亿,6055,-12.82,-10.54,6.48,3.80,—,-1.340,-2.168,-25.68,-8.24,19.70,-189.27,-178.77,0.01,-15.47,28.6亿,61.82,0.00,9.20,1.1051,1.7108,3.08万,6981万,194,43.97万,4.87,12.57,09:30:09,9162万,09:30:09,9162万,4.01万,7867万,3.79万,30.74,15.47,1.44,0,2,2天2板,1364万,0.33,1.42亿
11,002786,银宝山新,7.84,0.90,0.07,44.3万,4296,7.83,7.84,0.13,8.97,3.51亿,-259.75, 专用设备,8.18,7.70,7.88,7.77,6.18,4.31,46.61,4322,7.92,23.0万,21.4万,1.07,3206,255,16.93,4.956亿,38.86亿,4.941亿,38.74亿,10.73,9.19,15.00,19.39,2026/04/29,7.77,0.90%,2,4.95,-8.84,5.80,-4.74,10.06,21.2万,1.62亿,4.31,8.97,-0.51,11.36,4.95,5.80,18.05,23.19,2,38.86亿,38.74亿,7358,-259.75,-25.10,16.93,1.64,—,-0.020,-0.312,-4.95,-0.51,8.98,91.25,76.04,0.02,13.20,34.4亿,94.60,0.00,1.42,0.1894,0.3032,9359,737万,817,64.38万,3.37,4.41,—,—,—,—,—,8871万,11.4万,—,53.83,—,0,1,昨日首板,1731万,0.72,7012万
12,000901,航天科技,24.00,3.36,0.78,80.6万,1.12万,23.99,24.00,0.00,10.09,19.14亿,318.66, 汽车零部件,24.26,22.88,23.10,23.22,5.94,3.20,-7.02,-336,23.75,37.9万,42.7万,0.89,326,1650,4.51,7.982亿,191.6亿,7.982亿,191.6亿,9.44,2.70,17.91,25.86,2026/04/29,23.22,3.36%,2,6.57,-15.70,7.62,135.99,10.00,42.0万,9.63亿,3.20,10.09,3.90,5.12,6.57,7.62,22.74,42.65,2,191.6亿,191.6亿,4834,318.66,215.43,4.51,3.19,—,0.119,0.111,0.35,1.29,-34.38,512.13,58.77,0.06,21.91,23.7亿,35.17,0.00,-0.52,0.2040,0.3134,1.63万,3761万,747,173万,9.41,3.88,—,—,—,—,—,9243万,3.98万,—,9.47,—,0,3,昨日首板,5657万,0.45,3.42亿
13,000567,海德股份,6.67,10.07,0.61,156万,3219,6.67,—,0.00,8.00,10.19亿,57.22, 多元金融,6.67,6.19,6.26,6.06,7.92,7.73,100.00,2.18万,6.53,80.2万,75.8万,1.06,1.95万,0,2.42,19.55亿,130.4亿,19.50亿,130.1亿,23.06,21.27,11.49,13.18,2026/04/29,6.06,10.07%,4,29.01,3.89,27.53,15.00,9.98,50.8万,3.06亿,7.73,8.01,6.55,23.29,29.01,27.53,12.48,15.90,4,130.4亿,130.1亿,4.06万,57.22,-803.14,2.42,28.15,—,0.087,-0.008,3.22,1.91,-46.54,-66.96,-68.94,0.53,99.33,32.3亿,37.38,0.00,3.30,0.1495,0.6094,2.92万,1825万,518,32.43万,1.36,5.74,09:57:00,1302万,14:30:09,1302万,1.95万,9857万,16.3万,1.25,32.01,0.10,7,2,2天2板,1.57亿,4.92,2.37亿
14,002520,日发精机,5.93,3.13,0.18,83.4万,6924,5.93,5.94,-0.34,11.62,4.91亿,32.88, 通用设备,5.98,5.71,5.95,5.75,4.70,3.69,-45.78,-1.30万,5.89,40.5万,42.9万,0.94,966,1617,15.03,7.502亿,44.49亿,7.174亿,42.54亿,10.02,7.04,18.44,27.36,2026/04/29,5.75,3.13%,2,6.85,-5.87,5.33,6.08,9.94,32.7万,1.86亿,3.69,11.62,-0.34,10.22,6.85,5.33,24.45,39.49,2,44.49亿,42.54亿,1.04万,32.88,-35.11,15.03,3.64,—,-0.356,-0.169,12.07,-9.21,-67.08,170.32,-536.96,0.13,31.66,15.4亿,83.90,0.00,3.48,0.2965,0.3946,2.13万,1266万,2315,138万,4.16,6.51,—,—,—,—,—,1.05亿,18.2万,—,55.80,—,0,3,昨日首板,1983万,0.62,8686万
15,002174,游族网络,10.24,0.59,0.06,70.1万,9465,10.24,10.25,0.10,7.16,7.19亿,98.55, 游戏Ⅱ,10.35,10.11,10.17,10.18,2.36,3.04,57.63,9531,10.26,36.9万,33.2万,1.11,3177,555,2.02,9.798亿,100.3亿,9.793亿,100.3亿,9.64,6.11,11.76,18.93,2026/04/29,10.18,0.59%,2,7.34,-16.34,4.81,12.16,10.05,28.1万,2.83亿,3.04,7.16,0.69,8.13,7.34,4.81,16.80,25.42,2,100.3亿,100.3亿,1.28万,98.55,-31.87,2.02,6.89,—,0.080,-0.321,1.67,1.30,2.20,1374.60,242.19,-0.08,39.52,8.20亿,14.19,0.00,-0.10,0.1757,0.2155,1.72万,1749万,528,53.70万,2.06,6.13,—,—,—,—,—,1.16亿,11.4万,—,40.58,—,0,1,昨日首板,1262万,0.15,1.03亿
16,002354,天娱数科,6.20,4.20,0.25,229万,1.40万,6.19,6.20,0.16,14.10,14.25亿,180.17, 广告营销,6.43,6.06,6.16,5.95,6.22,5.22,-29.41,-2.29万,6.21,111万,118万,0.94,5136,2.52万,7.99,16.55亿,102.6亿,16.26亿,100.8亿,10.91,9.35,20.10,27.61,2026/04/29,5.95,4.20%,2,9.15,-2.67,8.58,14.39,9.98,52.5万,3.12亿,5.22,14.10,0.65,10.32,9.15,8.58,24.96,40.33,2,102.6亿,100.8亿,7974,180.17,-153.88,7.99,5.44,—,0.026,-0.040,3.44,2.56,25.67,597.60,149.41,0.13,24.33,6.49亿,32.83,0.00,3.53,0.4866,0.4866,7.91万,4874万,116,7.15万,2.37,15.06,—,—,—,—,—,1.26亿,21.2万,—,40.44,—,0,1,昨日首板,9847万,0.98,2.80亿
17,000831,中国稀土,54.44,0.76,0.41,57.1万,5752,54.43,54.44,-0.02,5.38,31.08亿,225.46, 小金属,55.20,53.50,54.35,54.03,3.15,1.52,-73.56,-3296,54.41,28.7万,28.4万,1.01,303,2120,11.95,10.61亿,577.7亿,10.61亿,577.7亿,8.68,-1.34,13.07,23.13,2026/04/29,54.03,0.76%,2,13.44,17.23,12.76,71.30,10.00,59.7万,31.45亿,1.52,5.38,0.17,6.52,13.44,12.76,17.89,36.06,2,577.7亿,577.7亿,5223,225.46,533.58,11.95,16.19,—,0.181,0.102,4.06,3.45,27.73,194.67,186.01,0.16,14.21,8.18亿,14.04,17.83,0.59,0.0996,0.1607,1.06万,5742万,281,153万,4.67,1.77,—,—,—,—,—,1.27亿,2.36万,—,3.95,—,0,1,昨日首板,-1.24亿,-0.35,4.23亿
18,002498,汉缆股份,8.72,-3.33,-0.30,209万,3.67万,8.71,8.72,0.11,6.28,18.42亿,48.98, 电网设备,9.07,8.70,9.02,9.02,4.10,1.42,26.19,1.31万,8.82,113万,95.8万,1.18,1.45万,5838,3.25,33.27亿,290.1亿,33.27亿,290.1亿,1.04,-2.68,14.80,28.42,2026/04/29,9.02,-3.33%,-1,-1.13,127.68,4.06,169.97,10.00,170万,14.97亿,1.42,6.28,-3.33,-4.07,-1.13,4.06,21.66,55.79,-1,290.1亿,290.1亿,3.71万,48.98,48.98,3.25,2.93,0.46,0.178,0.178,6.95,3.85,13.04,-9.59,-20.87,-0.07,14.00,42.2亿,32.85,24.04,0.00,0.0881,0.2636,2.93万,2645万,2241,202万,6.32,1.72,—,—,—,—,—,1.36亿,15.0万,—,8.82,—,0,15,昨日首板,-5.63亿,-5.81,-2639万
19,000551,创元科技,16.28,3.30,0.52,59.8万,7609,16.28,16.29,0.00,12.34,9.73亿,26.75, 环保设备Ⅱ,16.61,15.78,15.92,15.76,5.27,3.09,-59.24,-4811,16.28,28.0万,31.8万,0.88,663,478,2.72,4.847亿,78.91亿,4.845亿,78.88亿,12.04,10.30,19.09,32.29,2026/04/29,15.76,3.30%,2,22.96,10.75,21.04,80.89,9.98,21.4万,3.37亿,3.09,12.34,2.26,8.68,22.96,21.04,26.16,42.33,2,78.91亿,78.88亿,1.23万,26.75,26.75,2.72,1.87,0.37,0.611,0.609,10.68,6.81,0.69,17.69,27.35,0.28,26.49,24.0亿,37.34,9.86,1.02,0.2523,0.3917,1.22万,1946万,921,147万,1.14,5.70,—,—,—,—,—,1.39亿,8.82万,—,41.15,—,0,2,昨日首板,2692万,0.53,1.36亿
20,002842,翔鹭钨业,38.49,10.00,3.50,88.0万,989,38.49,—,0.00,32.76,33.58亿,87.63, 小金属,38.49,36.51,36.51,34.99,5.66,2.16,100.00,1.81万,38.18,53.6万,34.3万,1.56,1.43万,0,10.43,3.272亿,125.9亿,2.685亿,103.3亿,26.78,10.54,67.76,108.63,2026/04/29,34.99,10.00%,3,17.53,166.18,19.53,498.60,10.00,56.9万,19.17亿,2.16,32.76,5.42,19.13,17.53,19.53,89.24,185.83,3,125.9亿,103.3亿,3141,87.63,87.63,10.43,5.23,0.36,0.460,0.439,13.66,5.91,37.71,260.56,211.90,0.08,14.36,16.0亿,56.97,31.42,4.34,0.6145,0.7999,1.65万,6023万,771,281万,0.91,2.90,09:32:51,5489万,14:01:00,5489万,1.43万,1.81亿,5.16万,1.62,9.07,0.53,23,12,2天2板,5.57亿,7.02,10.5亿
21,002851,麦格米特,120.21,3.98,4.60,38.5万,2876,120.20,120.21,-0.03,8.40,46.44亿,246.57, 其他电源设备Ⅱ,124.57,118.22,121.39,115.61,5.49,1.97,-65.12,-967,120.68,18.7万,19.8万,0.95,134,273,7.86,5.815亿,699.0亿,4.580亿,550.5亿,11.26,10.93,16.49,29.77,2026/04/29,115.61,3.98%,2,23.67,33.46,17.20,150.28,10.00,22.7万,26.11亿,1.97,8.40,-0.97,12.92,23.67,17.20,25.26,51.14,2,699.0亿,550.5亿,6188,246.57,294.20,7.86,7.71,0.04,0.391,0.409,3.46,1.92,15.05,-48.29,-67.85,0.02,21.83,67.2亿,51.30,11.97,5.00,0.1972,0.2273,9031,1.10亿,76,91.92万,1.80,3.97,—,—,—,—,—,2.34亿,2.03万,—,8.91,—,0,2,昨日首板,-2.68亿,-0.56,3.44亿
22,600111,北方稀土,53.04,4.10,2.09,271万,2.19万,53.03,53.04,0.02,7.51,143.02亿,85.17, 小金属,53.35,51.36,51.88,50.95,3.91,2.66,4.98,1292,52.71,110万,161万,0.69,7798,4431,7.78,36.15亿,1917亿,36.15亿,1917亿,13.26,5.76,14.02,21.63,2026/04/29,50.95,4.10%,2,11.24,15.00,9.41,125.61,10.00,187万,93.53亿,2.66,7.51,2.24,12.47,11.24,9.41,17.16,33.02,2,1917亿,1917亿,6563,85.17,85.17,7.78,4.60,0.07,0.623,0.623,9.56,4.53,29.11,124.17,412.02,0.22,11.57,176亿,36.82,20.88,1.83,0.1422,0.2294,5.14万,2.67亿,5090,2641万,3.23,2.75,—,—,—,—,—,7.18亿,14.1万,—,7.52,—,0,2,昨日首板,-3.01亿,-0.25,22.6亿
23,600496,精工钢构,4.15,0.00,0.00,63.7万,6228,4.15,4.16,-0.24,3.20,2.65亿,10.50, 专业工程,4.19,4.07,4.12,4.15,2.89,0.73,-2.97,-1767,4.15,27.7万,36.0万,0.77,4366,4852,0.90,19.90亿,82.59亿,19.90亿,82.59亿,11.56,9.50,15.02,25.22,2026/04/28,4.09,1.47%,0,4.01,0.00,0.73,36.96,1.47,123万,5.04亿,0.73,3.20,0.73,4.80,4.01,0.73,21.02,40.14,0,82.59亿,82.59亿,2.54万,10.50,13.20,0.90,0.39,1.93,0.295,0.315,6.46,2.27,20.85,24.02,14.89,0.05,11.52,172亿,64.76,72.37,-0.72,0.0662,0.1043,1.32万,543万,1691,69.67万,0.62,1.07,—,—,—,—,—,—,—,—,—,—,0,1,—,-1833万,-0.35,8259万
24,920471,美邦科技,14.26,-2.79,-0.41,5.88万,1949,14.26,14.27,0.14,11.09,8515万,-43.57, 化学制品,14.95,14.10,14.35,14.67,5.79,0.79,2.08,6,14.47,3.20万,2.68万,1.19,11,37,2.35,8320万,11.86亿,5303万,7.562亿,19.33,10.89,52.63,81.16,2026/04/28,15.53,-8.18%,-2,15.19,12.37,14.54,-16.12,-5.54,9.80万,1.46亿,0.79,11.09,-0.63,5.24,15.19,14.54,68.59,92.58,-2,11.86亿,7.562亿,1.28万,-43.57,-43.57,2.35,2.56,0.69,-0.070,-0.327,-5.23,-1.51,-21.74,-688.67,-139.71,0.14,12.55,3.28亿,34.41,-31.56,-2.18,0.2458,0.3664,1304,187万,31,4.48万,0.58,1.33,—,—,—,—,—,—,—,—,—,—,0,2,—,-250万,-0.49,863万
25,300187,永清环保,5.62,-3.44,-0.20,43.8万,1.47万,5.62,5.63,0.00,6.83,2.49亿,27.55, 环境治理,5.84,5.61,5.83,5.82,3.95,1.14,48.04,7666,5.69,25.0万,18.8万,1.33,1253,585,3.36,6.456亿,36.28亿,6.421亿,36.09亿,9.77,8.70,31.40,36.84,2026/04/28,6.14,-8.47%,-2,8.70,15.40,7.66,23.52,-5.21,81.3万,4.77亿,1.14,6.83,-3.60,11.73,8.70,7.66,34.58,43.27,-2,36.28亿,36.09亿,3.06万,27.55,32.00,3.36,4.69,2.14,0.153,0.176,8.87,2.82,2.66,18.02,243.98,0.09,33.44,23.5亿,67.25,61.47,0.17,0.1329,0.2506,8535,498万,167,9.74万,0.52,1.05,—,—,—,—,—,—,—,—,—,—,0,1,—,-2035万,-1.06,5314万
26,601828,美凯龙,2.67,2.69,0.07,97.4万,8382,2.66,2.67,0.00,2.70,2.62亿,-0.49, 一般零售,2.76,2.61,2.61,2.60,5.77,2.13,-21.60,-6635,2.69,39.3万,58.1万,0.68,2825,2323,0.52,43.55亿,116.3亿,36.13亿,96.48亿,8.98,12.66,7.25,9.02,2026/04/28,2.70,-1.11%,1,10.33,-1.11,10.79,-13.31,-3.70,97.3万,2.57亿,—,—,2.30,12.66,10.33,10.79,8.56,10.22,1,116.3亿,96.48亿,7.64万,-0.49,-0.49,0.52,1.77,—,-5.450,-5.447,-68.75,-25.02,-15.85,-695.12,-241.11,0.03,59.80,634亿,72.62,—,0.38,0.0801,0.1949,2.89万,755万,5511,144万,0.46,2.97,—,—,—,—,—,—,—,—,—,—,0,1,—,2999万,0.76,4578万
27,601101,昊华能源,11.69,6.86,0.75,69.5万,1.12万,11.69,11.70,0.00,4.83,7.74亿,22.79, 煤炭开采,11.72,10.71,10.75,10.94,9.23,0.96,42.06,2133,11.14,33.0万,36.5万,0.90,115,1002,1.39,14.40亿,168.3亿,14.40亿,168.3亿,18.20,37.37,15.19,29.92,2026/04/28,10.88,7.44%,9,37.85,63.27,37.85,79.02,0.55,81.6万,8.82亿,0.96,4.83,8.74,24.89,37.85,37.85,25.98,33.88,9,168.3亿,168.3亿,3.91万,22.79,35.71,1.39,1.96,3.92,0.380,0.327,4.61,2.44,-7.85,-50.50,-49.23,0.37,32.53,132亿,46.36,70.26,-1.74,0.0448,0.1221,6450,693万,186,19.95万,0.52,0.79,—,—,—,—,—,—,—,—,—,—,0,2,—,2875万,0.47,1.14亿
28,600623,华谊集团,10.88,0.18,0.02,28.8万,8238,10.88,10.89,-0.18,1.53,3.12亿,43.86, 化学原料,11.00,10.76,10.86,10.86,2.21,0.98,-43.60,-4371,10.86,14.8万,14.0万,1.05,48,559,1.04,21.23亿,231.0亿,18.76亿,204.1亿,10.68,11.13,6.67,9.33,2026/04/28,10.81,0.65%,4,12.86,41.12,12.63,66.36,0.46,48.7万,5.28亿,—,—,0.18,10.68,12.86,12.63,8.34,13.80,4,231.0亿,204.1亿,3.84万,43.86,37.46,1.04,0.54,1.65,0.190,0.290,1.59,0.48,-5.14,-42.68,-24.59,0.07,7.67,425亿,58.30,—,0.00,0.0138,0.0382,2597,282万,1763,191万,0.36,0.53,—,—,—,—,—,—,—,—,—,—,0,2,—,2647万,0.36,5201万
29,002715,登云股份,17.50,2.10,0.36,15.4万,1869,17.50,17.51,0.06,11.14,2.69亿,-153.48, 汽车零部件,17.88,16.93,17.11,17.14,5.54,1.82,21.18,287,17.48,7.58万,7.79万,0.97,109,28,5.26,1.380亿,24.15亿,1.380亿,24.15亿,12.40,12.76,33.86,41.73,2026/04/28,17.13,2.16%,5,14.53,0.81,17.92,14.90,0.06,18.7万,3.19亿,—,—,2.28,15.13,14.53,17.92,39.26,50.05,5,24.15亿,24.15亿,9732,-153.48,-153.48,5.26,4.61,—,-0.114,-0.114,-3.36,-1.70,2.58,-406.63,-1688.14,0.25,23.84,3.68亿,44.48,—,-0.18,0.1036,0.1604,1429,245万,12,2.05万,0.37,0.76,—,—,—,—,—,—,—,—,—,—,0,1,—,730万,0.47,6730万
30,603338,浙江鼎力,55.12,-4.97,-2.88,13.1万,1708,55.12,55.13,0.02,2.59,7.35亿,14.70, 工程机械,57.91,55.02,57.71,58.00,4.98,1.61,2.21,23,55.99,6.77万,6.35万,1.06,88,25,2.45,5.063亿,279.1亿,5.063亿,279.1亿,6.33,10.57,7.86,10.65,2026/04/28,57.02,-3.33%,-1,13.93,-2.68,12.19,43.24,1.72,16.9万,9.89亿,—,—,-4.49,11.60,13.93,12.19,9.98,13.79,-1,279.1亿,279.1亿,1.74万,14.70,14.70,2.45,3.25,2.09,3.750,3.751,17.78,11.61,9.96,16.60,11.36,0.25,34.26,59.4亿,34.25,—,-0.50,0.0179,0.0410,908,524万,133,76.75万,0.25,0.54,—,—,—,—,—,—,—,—,—,—,0,1,—,-1114万,-0.09,1.04亿
31,002412,汉森制药,6.99,-0.29,-0.02,30.4万,6055,6.99,7.00,-0.29,6.11,2.14亿,31.97, 中药Ⅱ,7.11,6.92,6.99,7.01,2.71,1.53,-32.70,-2449,7.03,13.2万,17.2万,0.77,577,639,1.56,5.032亿,35.17亿,4.978亿,34.80亿,7.70,7.54,21.51,26.05,2026/04/28,7.14,-2.10%,-2,4.80,9.05,1.60,18.68,-1.82,49.7万,3.47亿,—,—,0.00,8.37,4.80,1.60,24.58,33.27,-2,35.17亿,34.80亿,1.59万,31.97,20.45,1.56,3.35,—,0.164,0.342,3.69,3.23,6.75,-36.88,-37.24,0.58,77.04,3.02亿,11.77,—,-0.29,0.1448,0.2522,7208,504万,728,50.90万,0.37,1.45,—,—,—,—,—,—,—,—,—,—,0,2,—,-1940万,-0.97,5585万
32,003026,中晶科技,49.99,5.42,2.57,27.3万,3658,49.99,50.00,0.00,28.53,12.86亿,142.66, 半导体,52.16,44.63,47.20,47.42,15.88,1.83,32.42,517,47.09,14.0万,13.3万,1.05,685,462,9.84,1.296亿,64.80亿,9570万,47.84亿,21.45,31.10,73.98,106.55,2026/04/28,45.28,10.40%,5,40.42,61.88,38.67,77.27,4.73,28.5万,13.68亿,—,—,5.91,31.35,40.42,38.67,100.01,132.67,5,64.80亿,47.84亿,3120,142.66,147.39,9.84,15.34,0.30,0.260,0.339,5.19,2.68,-0.03,164.62,181.00,0.08,40.93,6.02亿,47.78,—,-0.46,0.7421,0.9540,7102,3352万,354,167万,1.01,2.49,—,—,—,—,—,—,—,—,—,—,0,1,—,-6067万,-1.63,-6.88万
33,002923,润都股份,13.22,-0.45,-0.06,13.5万,2233,13.21,13.22,0.00,5.23,1.79亿,-60.72, 化学制药,13.45,13.13,13.14,13.28,2.41,1.00,-15.23,-301,13.28,6.96万,6.54万,1.06,14,10,4.23,3.349亿,44.27亿,2.581亿,34.12亿,5.42,7.13,22.87,31.48,2026/04/28,13.79,-4.13%,-2,-15.63,8.81,-23.32,10.63,-3.70,28.4万,3.77亿,—,—,0.61,7.31,-15.63,-23.32,28.93,45.88,-2,44.27亿,34.12亿,1.22万,-60.72,-85.16,4.23,3.72,1.13,-0.160,-0.155,-4.96,-2.56,0.85,-247.09,-353.15,0.09,37.80,10.3亿,49.50,—,-1.05,0.1405,0.2449,3627,477万,130,17.08万,0.38,1.28,—,—,—,—,—,—,—,—,—,—,0,2,—,-1306万,-0.67,4861万
34,002313,日海智能,9.61,-3.71,-0.37,32.7万,5484,9.61,9.62,0.21,8.74,3.13亿,-49.25, 通信设备,9.80,9.39,9.68,9.98,4.11,0.89,26.50,1669,9.57,18.9万,13.8万,1.36,1435,467,268.92,3.744亿,35.98亿,3.744亿,35.98亿,4.46,13.33,33.01,57.61,2026/04/28,10.12,-5.04%,-2,10.46,-5.69,10.46,12.27,-1.38,55.4万,5.56亿,—,—,-0.72,9.70,10.46,10.46,50.90,63.30,-2,35.98亿,35.98亿,6733,-49.25,-32.98,268.92,1.35,—,-0.146,-0.291,-140.22,-1.73,-13.22,31.01,24.66,0.07,16.82,30.2亿,99.72,—,-3.01,0.2053,0.3628,7686,744万,149,14.42万,0.57,1.39,—,—,—,—,—,—,—,—,—,—,0,2,—,-862万,-0.42,5457万
35,601177,杭齿前进,15.93,-0.06,-0.01,16.7万,2605,15.93,15.94,0.00,4.17,2.67亿,25.62, 通用设备,16.28,15.71,15.90,15.94,3.58,1.43,-21.65,-1291,16.01,9.09万,7.58万,1.20,111,2699,2.29,4.077亿,64.95亿,4.001亿,63.73亿,7.85,7.49,15.74,18.77,2026/04/28,16.25,-1.97%,-2,10.63,-8.18,9.86,-3.57,-1.91,23.7万,3.79亿,—,—,0.19,9.18,10.63,9.86,17.78,22.25,-2,64.95亿,63.73亿,8242,25.62,25.62,2.29,2.71,0.44,0.632,0.622,9.24,5.12,4.29,5.28,3.33,0.17,19.30,24.1亿,45.05,—,-0.25,0.0561,0.1021,2246,357万,836,133万,0.34,0.95,—,—,—,—,—,—,—,—,—,—,0,1,—,-218万,-0.06,1.14亿
36,605168,三人行,47.06,-2.97,-1.44,27.6万,2591,47.05,47.06,0.36,13.08,13.09亿,51.51, 广告营销,49.73,45.66,48.76,48.50,8.39,2.65,14.54,16,47.48,13.6万,14.0万,0.97,3,9,3.70,2.108亿,99.21亿,2.108亿,99.21亿,17.42,11.33,29.64,37.76,2026/04/28,44.09,6.74%,-1,30.00,21.98,29.04,85.06,10.00,20.6万,9.89亿,—,—,-3.49,14.06,30.00,29.04,34.50,56.76,-1,99.21亿,99.21亿,9330,51.51,115.23,3.70,2.69,1.53,0.690,0.408,5.37,3.30,-16.72,-20.48,-3.09,0.37,17.18,14.6亿,35.24,—,0.54,0.3094,0.6221,6522,3180万,45,21.94万,1.48,3.16,—,—,—,—,—,3195万,6587,—,3.19,—,0,4,3天2板,-1.49亿,-3.01,2663万
37,601789,宁波建工,5.89,-2.32,-0.14,173万,1.95万,5.89,5.90,0.17,15.89,10.28亿,36.92, 房屋建设Ⅱ,6.07,5.86,5.98,6.03,3.48,1.39,25.97,1.35万,5.95,93.3万,79.5万,1.17,3382,7179,1.48,15.24亿,89.79亿,10.87亿,64.01亿,8.27,5.56,49.70,73.12,2026/04/28,5.98,-1.51%,-1,6.51,18.04,0.34,18.04,0.84,292万,17.61亿,—,—,-1.51,2.97,6.51,0.34,63.25,102.94,-1,89.79亿,64.01亿,1.44万,36.92,33.11,1.48,0.44,1.21,0.156,0.178,3.70,0.61,-5.69,-16.93,-15.92,-0.08,9.15,256亿,83.56,—,-0.83,0.4188,0.5726,4.55万,2722万,2098,125万,0.74,1.56,—,—,—,—,—,—,—,—,—,—,0,5,—,-5687万,-1.21,1.14亿
38,603283,赛腾股份,53.83,0.06,0.03,16.7万,2289,53.83,53.84,0.00,6.17,9.06亿,27.31, 自动化设备,55.25,53.41,53.98,53.80,3.42,1.23,28.34,564,54.15,9.03万,7.69万,1.17,649,511,4.42,2.712亿,146.0亿,2.712亿,146.0亿,8.31,4.54,20.62,31.34,2026/04/28,54.67,-1.54%,1,28.11,24.26,25.68,68.64,-1.59,23.0万,12.37亿,—,—,-0.28,6.62,28.11,25.68,26.87,49.83,1,146.0亿,146.0亿,5607,27.31,30.40,4.42,4.30,0.75,1.440,1.770,12.15,7.15,-20.62,-15.61,-17.91,0.20,46.18,24.7亿,42.03,—,0.33,0.0393,0.0617,1065,575万,34,18.35万,0.27,0.46,—,—,—,—,—,—,—,—,—,—,0,3,—,3770万,0.41,2.47亿
39,002821,凯莱英,125.56,-0.98,-1.24,7.60万,1244,125.56,125.57,0.01,2.40,9.61亿,40.01, 医疗服务,128.99,125.17,126.73,126.80,3.01,0.72,43.87,177,126.48,3.88万,3.72万,1.04,218,60,2.57,3.609亿,453.1亿,3.170亿,398.1亿,6.66,11.08,10.16,18.97,2026/04/28,129.49,-3.03%,-2,13.35,35.11,3.04,94.97,-2.08,14.7万,18.61亿,—,—,-0.92,12.10,13.35,3.04,17.04,26.99,-2,453.1亿,398.1亿,7156,40.01,40.01,2.57,6.79,1.03,3.160,3.138,6.58,5.69,14.91,19.35,22.01,0.72,41.99,26.3亿,12.98,—,-0.06,0.0115,0.0184,365,463万,1,1.27万,0.10,0.25,—,—,—,—,—,—,—,—,—,—,0,3,—,-9958万,-0.40,1.66亿
40,600744,华银电力,8.54,-4.15,-0.37,212万,3.20万,8.54,8.55,0.00,10.42,18.30亿,36.47, 电力,8.91,8.51,8.86,8.91,4.49,0.94,61.80,3.28万,8.64,126万,85.8万,1.47,1812,5682,12.19,20.31亿,173.5亿,20.31亿,173.5亿,8.38,5.56,39.80,66.14,2026/04/28,8.67,-1.50%,-1,12.96,45.24,12.81,143.30,2.77,399万,35.95亿,—,—,-3.61,0.83,12.96,12.81,53.74,100.93,-1,173.5亿,173.5亿,1.05万,36.47,82.54,12.19,2.03,—,0.176,0.103,18.89,1.35,3.23,954.94,1422.71,0.31,13.27,260亿,91.98,—,-0.56,0.2147,0.4787,4.36万,3864万,1414,125万,0.81,1.09,—,—,—,—,—,—,—,—,—,—,0,5,—,-6744万,-0.87,3.08亿
41,301261,恒工精密,86.78,-1.75,-1.55,6.09万,963,86.78,86.79,-0.01,16.26,5.28亿,73.17, 通用设备,88.32,84.55,87.22,88.33,4.27,1.47,-22.01,-41,86.59,2.89万,3.20万,0.90,23,32,4.95,8789万,76.27亿,3748万,32.53亿,16.02,12.23,60.07,71.64,2026/04/28,89.76,-3.32%,-2,14.56,-15.40,12.26,10.67,-1.59,10.6万,9.33亿,—,—,-0.50,16.16,14.56,12.26,66.80,86.68,-2,76.27亿,32.53亿,2843,73.17,147.50,4.95,7.06,0.69,0.889,0.588,5.05,2.91,6.37,-18.68,-15.68,-0.06,23.81,10.6亿,40.31,—,-1.26,0.3954,0.4719,1482,1293万,15,13.08万,0.61,1.40,—,—,—,—,—,—,—,—,—,—,0,1,—,-3291万,-1.21,5326万
42,001266,宏英智能,40.59,2.71,1.07,16.8万,1793,40.59,40.60,-0.27,28.94,7.04亿,277.64, 自动化设备,43.45,40.35,41.90,39.52,7.84,9.58,-60.60,-448,41.89,7.72万,9.08万,0.85,17,34,4.48,1.036亿,42.04亿,5808万,23.58亿,24.28,23.52,35.47,44.05,2026/04/28,35.93,12.97%,4,32.00,3.10,29.35,93.01,9.99,3.00万,1.19亿,—,—,-3.13,26.53,32.00,29.35,41.53,54.18,4,42.04亿,23.58亿,5682,277.64,104.92,4.48,5.44,0.73,0.110,0.387,1.14,0.64,0.80,197.53,141.62,0.14,28.07,7.67亿,44.97,—,6.02,1.2636,2.0477,7339,3075万,61,25.56万,4.88,24.44,—,—,—,—,—,4605万,1.17万,—,38.80,—,0,3,3天2板,-2259万,-1.55,-545万
43,605138,盛泰集团,7.70,2.39,0.18,16.3万,2972,7.70,7.71,0.00,2.94,1.26亿,82.53, 服装家纺,7.78,7.49,7.49,7.52,3.86,1.13,-38.42,-1138,7.70,7.37万,8.94万,0.82,428,310,1.78,5.556亿,42.78亿,5.556亿,42.78亿,3.63,12.57,12.90,15.88,2026/04/27,7.43,3.63%,1,12.74,10.63,12.24,23.79,-2.21,20.3万,1.53亿,—,—,2.80,11.59,12.74,12.24,15.33,17.41,1,42.78亿,42.78亿,3.61万,82.53,93.53,1.78,1.23,0.70,0.070,0.082,1.52,0.60,-7.09,-2.29,-16.79,0.19,16.88,41.3亿,60.61,—,-0.40,0.0269,0.1056,1494,112万,434,32.51万,0.19,0.73,—,—,—,—,—,—,—,—,—,—,0,1,—,-1260万,-1.16,-2246万
44,688221,前沿生物-U,20.93,-0.81,-0.17,27.5万,4144,20.92,20.93,-0.48,7.34,5.82亿,-29.96, 化学制药,21.84,20.67,21.06,21.10,5.55,0.81,-31.48,-299,21.15,15.2万,12.3万,1.23,9,467,8.87,3.746亿,78.40亿,3.746亿,78.40亿,-7.96,6.79,29.13,52.95,2026/04/27,22.74,-7.96%,-3,10.45,15.96,-0.33,149.17,-1.86,32.0万,6.85亿,—,—,-0.62,10.22,10.45,-0.33,50.32,65.46,-3,78.40亿,78.40亿,2.28万,-29.96,-29.96,8.87,55.52,—,-0.700,-0.699,-25.90,-9.27,10.96,-29.96,20.50,-0.39,34.84,6.56亿,40.06,—,-0.19,0.0313,0.0532,1174,247万,41,8.56万,0.31,0.37,—,—,—,—,—,—,—,—,—,—,0,2,—,2470万,0.53,-1.09亿
45,603726,朗迪集团,24.85,10.00,2.26,7.79万,64,24.85,—,0.00,4.22,1.91亿,19.68, 家电零部件Ⅱ,24.85,23.15,23.22,22.59,7.53,1.28,100.00,3.61万,24.46,4.01万,3.78万,1.06,3.49万,0,3.28,1.857亿,46.13亿,1.847亿,45.90亿,0.93,4.19,12.22,20.71,2026/04/27,24.62,0.93%,1,10.79,2.69,9.38,75.62,-2.38,5.70万,1.30亿,—,—,7.02,6.88,10.79,9.38,19.02,24.69,1,46.13亿,45.90亿,7647,19.68,21.45,3.28,2.35,1.61,0.950,1.158,13.04,6.77,4.75,32.26,2.99,0.07,21.77,12.7亿,47.40,—,2.79,0.1110,0.2475,2050,476万,2,4644,2.82,3.59,09:47:01,8679万,09:47:01,8679万,3.49万,—,—,44.83,—,1.89,0,2,4天2板,3317万,1.61,1227万
46,603626,科森科技,25.16,5.01,1.20,54.8万,5281,25.15,25.16,0.00,9.88,13.44亿,-91.23, 消费电子,25.29,23.33,23.80,23.96,8.18,1.37,-39.53,-2709,24.52,24.0万,30.8万,0.78,785,764,6.54,5.549亿,139.6亿,5.549亿,139.6亿,3.24,6.16,25.06,45.83,2026/04/27,24.37,3.24%,2,13.95,20.15,6.84,215.29,0.46,35.1万,8.45亿,—,—,5.71,9.87,13.95,6.84,38.12,69.03,2,139.6亿,139.6亿,5884,-91.23,-39.04,6.54,4.34,—,-0.208,-0.645,-5.22,-2.15,-6.45,50.94,26.95,0.07,9.95,29.9亿,58.34,—,-0.67,0.0357,0.0507,1979,471万,658,157万,0.90,0.56,—,—,—,—,—,—,—,—,—,—,0,5,—,7687万,0.78,4914万
47,001332,锡装股份,62.80,-1.83,-1.17,2.60万,1059,62.79,62.80,0.14,5.42,1.63亿,26.07, 专用设备,63.95,62.00,63.94,63.97,3.05,0.85,0.27,0,62.72,1.39万,1.21万,1.15,1,1,2.71,1.105亿,69.39亿,4800万,30.15亿,-0.05,8.43,27.44,37.17,2026/04/27,62.83,-0.05%,-2,19.98,11.76,13.64,87.41,-0.51,3.41万,2.19亿,—,—,-1.78,9.54,19.98,13.64,34.78,52.24,-2,69.39亿,30.15亿,4403,26.07,28.09,2.71,5.24,1.27,1.814,2.235,8.08,5.74,-17.78,-3.93,-6.80,0.09,36.21,9.68亿,27.46,—,-0.05,0.0358,0.0620,172,110万,13,8.31万,0.33,0.50,—,—,—,—,—,—,—,—,—,—,0,3,—,-892万,-0.51,-5121万
48,002210,飞马国际,2.98,-9.97,-0.33,424万,1.75万,—,2.98,0.00,15.94,13.00亿,414.96, 环境治理,3.36,2.98,3.36,3.31,11.48,3.90,-100.00,-8.84万,3.07,213万,211万,1.01,0,5.83万,8.32,26.61亿,79.30亿,26.56亿,79.16亿,8.76,15.95,29.32,36.39,2026/04/27,2.74,8.76%,-1,10.37,-17.22,11.19,16.86,9.97,186万,6.12亿,—,—,-11.31,18.25,10.37,11.19,33.72,43.70,-1,79.30亿,79.16亿,2.13万,414.96,855.14,8.32,42.78,—,0.005,0.003,2.45,1.00,-24.89,-57.30,661.75,0.16,32.05,4.55亿,32.23,—,1.51,0.8180,1.1678,21.7万,7301万,4.27万,1433万,1.53,11.68,—,1736万,—,1736万,5.83万,8640万,26.1万,1.38,14.03,0.22,0,3,4天3板,-1.90亿,-3.42,1.10亿
49,600693,东百集团,11.35,-1.30,-0.15,58.0万,1.05万,11.35,11.36,-0.18,6.67,6.63亿,215.74, 一般零售,11.70,11.23,11.50,11.50,4.09,0.87,-63.72,-5311,11.43,31.3万,26.7万,1.17,55,534,2.77,8.698亿,98.73亿,8.690亿,98.63亿,-1.56,0.35,24.22,45.13,2026/04/27,11.53,-1.56%,-1,0.35,-36.31,1.98,75.70,0.88,66.5万,7.69亿,—,—,-1.30,2.81,0.35,1.98,38.22,89.03,-1,98.73亿,98.63亿,9360,215.74,215.74,2.77,5.35,0.79,0.053,0.053,1.30,0.96,1.71,5.23,0.15,0.14,58.65,104亿,69.77,—,0.00,0.0557,0.1308,4842,557万,69,7.93万,1.10,0.73,—,—,—,—,—,—,—,—,—,—,0,1,—,-2746万,-0.65,-5747万
50,603486,科沃斯,65.16,-1.53,-1.01,8.45万,1407,65.16,65.17,0.00,1.47,5.53亿,19.95, 小家电,66.66,64.77,65.65,66.17,2.86,0.78,50.78,260,65.39,5.29万,3.17万,1.67,72,11,4.39,5.789亿,377.2亿,5.734亿,373.6亿,-3.89,1.70,6.03,10.95,2026/04/27,67.80,-3.89%,-3,6.78,-19.24,4.42,38.96,-1.24,8.05万,5.34亿,—,—,-0.75,1.94,6.78,4.42,9.66,14.78,-3,377.2亿,373.6亿,1.83万,19.95,23.44,4.39,1.97,0.69,2.510,2.779,18.20,8.99,25.93,130.55,141.99,0.30,49.74,77.8亿,47.18,—,-0.79,0.0167,0.0476,959,629万,11,7.31万,1.27,1.19,—,—,—,—,—,—,—,—,—,—,0,1,—,-925万,-0.07,-6502万
51,603579,荣泰健康,22.30,0.68,0.15,7.81万,1242,22.30,22.31,0.00,3.88,1.75亿,30.34, 其他家电Ⅱ,22.72,22.02,22.02,22.15,3.16,0.96,70.71,606,22.42,4.16万,3.65万,1.14,138,34,1.63,2.011亿,44.83亿,2.011亿,44.83亿,1.00,11.50,16.90,24.08,2026/04/27,22.08,1.00%,1,12.34,-6.34,8.78,3.24,-1.64,8.25万,1.83亿,—,—,1.27,11.11,12.34,8.78,22.19,30.13,1,44.83亿,44.83亿,1.30万,30.34,27.98,1.63,2.84,1.37,0.630,0.797,5.24,3.13,-1.39,-22.24,-48.28,0.14,32.09,5.96亿,17.81,—,-0.59,0.0247,0.0431,496,109万,0,—,0.41,0.60,—,—,—,—,—,—,—,—,—,—,0,3,—,487万,0.19,3931万
52,000565,渝三峡Ａ,7.87,-2.11,-0.17,17.5万,3407,7.87,7.88,-0.13,4.04,1.39亿,155.19, 化学制品,8.07,7.85,8.04,8.04,2.74,0.78,37.14,2349,7.95,10.5万,6.96万,1.51,1650,165,2.74,4.336亿,34.12亿,4.336亿,34.12亿,-1.87,8.55,20.52,30.00,2026/04/27,8.02,-1.87%,-1,6.78,7.81,6.35,54.92,0.25,25.4万,2.04亿,—,—,-2.11,9.76,6.78,6.35,28.47,35.30,-1,34.12亿,34.12亿,8108,155.19,585.91,2.74,9.24,0.19,0.040,0.013,1.33,1.00,7.07,9.69,-20.83,-0.22,25.64,3.71亿,22.53,—,0.00,0.0291,0.0489,1261,101万,265,21.31万,0.33,0.50,—,—,—,—,—,—,—,—,—,—,0,2,—,-1766万,-0.87,-1591万
53,603610,麒盛科技,16.90,1.20,0.20,6.16万,1612,16.89,16.90,-0.18,1.75,1.04亿,30.44, 家居用品,17.05,16.51,16.86,16.70,3.23,0.88,-16.74,-240,16.81,2.98万,3.18万,0.94,28,62,1.89,3.530亿,59.66亿,3.530亿,59.66亿,1.14,7.37,6.48,11.63,2026/04/27,16.71,1.14%,2,8.96,-11.29,7.23,69.00,1.58,7.05万,1.18亿,—,—,0.24,9.95,8.96,7.23,10.51,17.17,2,59.66亿,59.66亿,1.50万,30.44,39.27,1.89,2.02,0.59,0.420,0.430,4.72,3.12,0.08,-2.74,-11.89,0.29,33.27,14.5亿,31.48,—,0.96,0.0074,0.0170,260,43.84万,377,63.56万,0.37,0.37,—,—,—,—,—,—,—,—,—,—,0,1,—,614万,0.24,1628万
54,002134,天津普林,25.32,0.80,0.20,11.5万,2316,25.32,25.33,0.04,4.67,2.91亿,134.69, 元件,25.77,24.80,25.11,25.12,3.86,0.79,78.65,1989,25.28,6.17万,5.35万,1.15,431,4,12.19,2.466亿,62.45亿,2.465亿,62.41亿,1.36,8.21,20.79,34.26,2026/04/27,24.98,1.36%,1,26.10,-5.49,22.97,43.13,-0.12,15.3万,3.83亿,—,—,0.84,10.18,26.10,22.97,31.04,49.09,1,62.45亿,62.41亿,1.24万,134.69,394.04,12.19,4.15,—,0.050,0.064,2.29,0.87,42.39,2187.33,8501.72,0.01,16.37,15.7亿,66.35,—,-0.04,0.0215,0.0305,531,133万,43,10.80万,0.23,0.35,—,—,—,—,—,—,—,—,—,—,0,1,—,1962万,0.45,-17.3万
55,002029,七 匹 狼,11.12,-0.98,-0.11,17.5万,3071,11.11,11.12,-0.18,2.64,1.98亿,23.57, 服装家纺,11.56,11.09,11.33,11.23,4.19,0.63,47.08,1259,11.27,9.33万,8.21万,1.14,957,139,1.16,7.050亿,78.40亿,6.654亿,73.99亿,-0.09,13.01,11.55,23.50,2026/04/27,11.13,-0.09%,-1,7.23,0.82,4.41,86.26,1.17,21.3万,2.40亿,—,—,-1.85,14.88,7.23,4.41,21.64,34.42,-1,78.40亿,73.99亿,1.69万,23.57,23.57,1.16,2.61,0.86,0.490,0.472,5.02,3.26,-4.35,16.91,-86.91,0.13,54.42,32.1亿,31.95,—,0.89,0.0223,0.0377,1482,168万,147,16.66万,0.42,0.70,—,—,—,—,—,—,—,—,—,—,0,2,—,-367万,-0.08,585万
56,002706,良信股份,11.57,2.21,0.25,74.2万,1.42万,11.56,11.57,-0.26,8.11,8.53亿,49.00, 电网设备,11.77,11.27,11.35,11.32,4.42,1.11,-31.71,-2592,11.50,34.6万,39.6万,0.87,1814,61,3.05,11.23亿,129.9亿,9.144亿,105.8亿,1.58,7.73,24.93,44.67,2026/04/27,11.39,1.58%,1,15.82,7.33,13.77,48.52,-0.18,55.6万,6.28亿,—,—,1.94,9.15,15.82,13.77,39.92,78.15,1,129.9亿,105.8亿,1.84万,49.00,49.00,3.05,2.90,1.69,0.250,0.236,6.29,4.65,5.82,-15.03,-11.43,0.14,29.22,16.6亿,27.70,—,0.27,0.0268,0.0294,2448,278万,394,44.72万,0.24,0.44,—,—,—,—,—,—,—,—,—,—,0,2,—,4383万,0.45,-1499万
57,002115,三维通信,14.41,-1.84,-0.27,146万,1.81万,14.41,14.42,0.00,19.40,20.89亿,3051.03, 通信服务,14.63,14.00,14.38,14.68,4.29,1.27,-10.13,-1699,14.31,81.8万,64.1万,1.27,3949,3159,5.63,8.110亿,116.9亿,7.522亿,108.4亿,8.10,11.62,74.97,95.90,2026/04/27,13.33,8.10%,-1,18.31,13.11,18.11,96.59,4.86,200万,28.83亿,—,—,0.21,15.46,18.31,18.11,88.99,122.80,-1,116.9亿,108.4亿,4198,3051.03,-47.91,5.63,1.21,—,0.004,-0.301,0.14,0.40,-14.89,111.67,76.67,-0.05,4.92,17.0亿,43.93,—,-2.04,0.1796,0.1985,1.35万,1943万,298,42.86万,0.67,0.68,—,—,—,—,—,—,—,—,—,—,0,6,—,-4458万,-0.45,1.07亿
58,600637,东方明珠,9.98,-1.38,-0.14,70.0万,1.08万,9.98,9.99,-0.10,2.08,6.98亿,46.46, 电视广播Ⅱ,10.11,9.84,9.91,10.12,2.67,0.90,6.31,1115,9.98,38.1万,31.8万,1.20,2771,641,1.12,33.62亿,335.5亿,33.62亿,335.5亿,-8.10,-0.60,9.78,13.61,2026/04/27,10.86,-8.10%,-3,5.94,1.32,3.96,39.00,-1.27,81.8万,8.34亿,—,—,0.71,0.60,5.94,3.96,12.38,19.08,-3,335.5亿,335.5亿,2.12万,46.46,68.25,1.12,4.41,1.80,0.161,0.146,1.80,1.24,-1.76,-24.64,-25.16,0.13,29.62,77.6亿,18.32,—,-2.08,0.0567,0.1063,1.90万,1888万,111,11.03万,1.24,2.33,—,—,—,—,—,—,—,—,—,—,0,5,—,-1112万,-0.06,-1.40亿
59,600826,兰生股份,9.57,-3.72,-0.37,17.0万,2903,9.57,9.58,-0.10,2.31,1.65亿,29.15, 专业服务,9.97,9.57,9.93,9.94,4.02,0.90,-7.48,-169,9.75,10.6万,6.32万,1.68,317,157,1.64,7.355亿,70.39亿,7.355亿,70.39亿,-7.36,1.81,7.25,15.19,2026/04/25,10.32,-7.27%,-3,-1.03,-9.20,-3.53,21.60,-0.30,16.3万,1.62亿,—,—,-3.63,2.03,-1.03,-3.53,14.64,17.54,-3,70.39亿,70.39亿,1.75万,29.15,24.65,1.64,4.05,2.88,0.250,0.388,4.27,3.38,10.00,-10.51,-15.85,0.28,30.62,15.7亿,26.24,—,-0.10,0.0173,0.0467,1276,127万,516,51.24万,0.97,0.78,—,—,—,—,—,—,—,—,—,—,0,2,—,-1013万,-0.39,-287万
60,603599,广信股份,14.85,-1.66,-0.25,15.0万,1981,14.85,14.86,-0.07,1.64,2.24亿,19.48, 农化制品,15.30,14.79,15.10,15.10,3.38,0.60,41.88,1173,14.99,8.79万,6.18万,1.42,1021,190,1.36,9.103亿,135.2亿,9.103亿,135.2亿,-0.67,9.76,5.75,15.30,2026/04/25,15.17,-2.11%,-1,2.48,29.36,3.56,42.11,1.21,16.7万,2.52亿,—,—,-1.66,7.69,2.48,3.56,14.01,20.62,-1,135.2亿,135.2亿,4.78万,19.48,18.65,1.36,3.54,1.82,0.570,0.796,5.34,3.50,-23.69,-9.36,-13.99,0.05,31.25,51.2亿,33.91,—,0.00,0.0057,0.0097,515,77.77万,169,25.52万,0.55,0.31,—,—,—,—,—,—,—,—,—,—,0,2,—,-2575万,-0.33,-2231万
61,603066,音飞储存,11.60,2.38,0.27,17.5万,2763,11.59,11.60,0.00,5.95,2.04亿,41.01, 物流,11.88,11.33,11.33,11.33,4.85,1.07,-15.12,-289,11.64,8.51万,9.00万,0.95,340,167,2.38,2.942亿,34.12亿,2.942亿,34.12亿,2.02,15.54,18.84,33.78,2026/04/25,11.12,4.32%,1,15.42,7.91,14.62,8.82,-1.31,14.8万,1.69亿,—,—,2.38,14.74,15.42,14.62,32.36,36.42,1,34.12亿,34.12亿,1.50万,41.01,518.84,2.38,2.78,0.45,0.212,0.022,4.42,2.06,-23.74,-41.19,-44.59,0.00,22.90,15.8亿,52.29,—,0.00,0.0285,0.0601,839,95.06万,186,21.07万,0.52,0.57,—,—,—,—,—,—,—,—,—,—,0,1,—,351万,0.22,205万
62,002999,天禾股份,7.27,-0.82,-0.06,31.7万,4518,7.27,7.28,0.00,9.23,2.30亿,53.76, 农化制品,7.44,7.05,7.11,7.33,5.32,0.97,-30.65,-1761,7.27,16.8万,14.9万,1.12,435,1283,2.11,3.476亿,25.27亿,3.437亿,24.99亿,-1.62,4.45,27.37,56.85,2026/04/25,7.66,-5.09%,-4,2.68,6.44,2.83,27.77,-0.14,29.2万,2.14亿,—,—,2.25,4.45,2.68,2.83,53.88,65.41,-4,25.27亿,24.99亿,1.55万,53.76,53.81,2.11,0.19,1.71,0.100,0.135,2.90,0.47,-8.57,234.89,299.30,-0.19,7.06,55.8亿,76.79,—,-3.00,0.1815,0.2830,6237,443万,0,—,3.28,2.14,—,—,—,—,—,—,—,—,—,—,0,1,—,1535万,0.96,812万
63,603520,司太立,12.08,1.51,0.18,44.3万,5408,12.07,12.08,-0.08,10.10,5.40亿,137.80, 化学制药,12.44,11.96,11.96,11.90,4.03,1.08,-23.09,-1455,12.20,22.9万,21.4万,1.07,514,1105,2.04,4.384亿,52.96亿,4.384亿,52.96亿,2.81,12.06,28.38,56.91,2026/04/25,11.64,3.78%,5,12.16,28.51,8.44,50.25,0.68,40.3万,4.78亿,—,—,1.00,14.18,12.16,8.44,54.45,71.33,5,52.96亿,52.96亿,1.34万,137.80,-181.06,2.04,2.22,1.24,0.070,-0.067,1.10,0.49,2.24,221.14,531.19,0.06,21.83,32.4亿,55.44,—,0.50,0.0871,0.1121,3817,457万,274,32.77万,1.53,0.95,—,—,—,—,—,—,—,—,—,—,0,2,—,-2354万,-0.57,251万
64,000062,深圳华强,36.92,3.56,1.27,117万,1.83万,36.92,36.93,0.00,11.20,42.94亿,83.41, 其他电子Ⅱ,37.70,35.20,35.75,35.65,7.01,1.08,84.90,4544,36.71,63.0万,54.0万,1.17,1926,72,5.74,10.46亿,386.1亿,10.45亿,385.8亿,-1.99,13.46,34.86,63.22,2026/04/25,34.24,7.83%,1,50.02,50.57,42.11,54.22,-1.25,102万,36.10亿,—,—,3.27,18.64,50.02,42.11,55.88,91.32,1,386.1亿,385.8亿,9051,83.41,83.41,5.74,1.55,1.35,0.443,0.443,6.66,3.02,13.46,117.38,164.22,-0.12,8.20,107亿,58.36,—,0.28,0.2255,0.7433,2.36万,8423万,246,87.87万,0.97,2.31,—,—,—,—,—,—,—,—,—,—,0,5,—,-2.52亿,-2.15,-10.5亿
65,000906,浙商中拓,6.34,0.48,0.03,22.7万,5067,6.33,6.34,-0.16,3.24,1.44亿,17.76, 物流,6.42,6.26,6.26,6.31,2.54,0.55,-28.19,-2204,6.34,11.6万,11.1万,1.04,726,473,0.95,7.097亿,44.99亿,7.012亿,44.46亿,-1.55,10.45,12.69,32.55,2026/04/25,6.36,-0.31%,2,9.69,7.09,8.93,9.88,1.61,29.2万,1.84亿,—,—,1.28,9.69,9.69,8.93,31.53,35.06,2,44.99亿,44.46亿,2.46万,17.76,22.85,0.95,0.02,3.15,0.230,0.277,3.46,1.02,15.90,-47.51,-2090.60,-0.13,0.83,438亿,82.12,—,-0.79,0.0293,0.0547,2056,129万,603,37.75万,0.64,0.70,—,—,—,—,—,—,—,—,—,—,0,1,—,-172万,-0.07,-2734万
66,002406,远东传动,7.96,-1.00,-0.08,42.0万,1.33万,7.95,7.96,-0.25,6.98,3.36亿,37.21, 汽车零部件,8.10,7.95,8.00,8.04,1.87,0.69,14.46,2786,8.00,24.5万,17.5万,1.40,5889,1571,1.43,7.302亿,58.13亿,6.022亿,47.94亿,-5.69,2.58,27.04,57.58,2026/04/25,8.43,-5.58%,-3,9.94,0.25,9.19,21.34,-1.71,49.9万,4.02亿,—,—,-0.50,3.92,9.94,9.19,55.41,67.08,-3,58.13亿,47.94亿,1.03万,37.21,37.21,1.43,3.70,3.77,0.210,0.214,3.85,3.28,22.90,32.01,55.13,0.10,27.29,10.2亿,19.85,—,-0.50,0.0202,0.0224,1219,97.52万,8,6400,0.24,0.24,—,—,—,—,—,—,—,—,—,—,0,1,—,297万,0.07,-4781万
67,300422,博世科,5.60,-2.10,-0.12,38.4万,8333,5.60,5.61,-0.36,7.52,2.18亿,-10.56, 环境治理,5.77,5.56,5.72,5.72,3.67,0.72,-16.03,-1654,5.66,22.4万,16.1万,1.39,1181,790,2.70,5.339亿,29.90亿,5.115亿,28.64亿,1.45,20.95,34.07,59.56,2026/04/25,5.56,0.72%,-1,13.36,22.00,12.22,36.25,1.78,61.5万,3.50亿,—,—,-2.10,20.95,13.36,12.22,57.88,64.83,-1,29.90亿,28.64亿,2.47万,-10.56,-2.93,2.70,1.56,—,-0.400,-1.911,-17.56,-2.30,27.10,-270.83,-97.51,-0.01,8.90,80.7亿,86.53,—,0.00,0.1036,0.1709,5297,303万,36,2.06万,0.96,0.86,—,—,—,—,—,—,—,—,—,—,0,1,—,-2786万,-1.60,378万
68,002756,永兴材料,87.24,4.11,3.44,30.4万,2382,87.22,87.24,0.16,7.82,26.66亿,66.36, 能源金属,89.80,85.35,85.75,83.80,5.31,1.37,31.17,119,87.70,14.8万,15.6万,0.95,87,8,3.76,5.391亿,470.3亿,3.887亿,339.1亿,7.23,19.26,19.88,36.38,2026/04/25,78.21,11.55%,2,16.60,60.81,18.77,196.43,10.00,20.1万,16.25亿,—,—,1.74,22.70,16.60,18.77,31.47,56.98,2,470.3亿,339.1亿,7401,66.36,77.85,3.76,6.36,0.90,1.010,1.121,4.25,3.88,-10.98,-45.25,-39.79,0.31,16.04,16.6亿,11.52,—,2.33,0.0951,0.1195,3695,3168万,199,171万,2.27,1.84,—,—,—,—,—,1.62亿,1.93万,—,9.60,—,0,4,昨日首板,2260万,0.08,8576万
69,603680,今创集团,14.36,0.77,0.11,9.34万,2899,14.36,14.37,-0.07,1.19,1.33亿,17.13, 轨交设备Ⅱ,14.39,14.10,14.20,14.25,2.04,0.71,-6.85,-174,14.28,4.49万,4.85万,0.93,349,431,2.01,7.837亿,112.5亿,7.837亿,112.5亿,-1.03,10.04,4.44,9.63,2026/04/25,14.03,2.35%,1,7.32,-6.81,10.38,91.47,-0.28,9.64万,1.38亿,—,—,1.13,12.63,7.32,10.38,9.07,11.71,1,112.5亿,112.5亿,5.07万,17.13,22.30,2.01,2.26,1.04,0.630,0.644,8.87,5.33,15.66,69.79,84.52,0.06,30.75,35.0亿,38.37,—,-0.35,0.0036,0.0145,280,39.76万,208,29.54万,0.38,0.29,—,—,—,—,—,—,—,—,—,—,0,2,—,1383万,0.50,2293万
70,002301,齐心集团,6.90,0.73,0.05,20.4万,1593,6.90,6.91,0.00,2.85,1.42亿,26.59, 文娱用品,7.03,6.85,6.91,6.85,2.63,0.61,0.02,1,6.94,10.5万,9.92万,1.06,614,174,1.58,7.213亿,49.77亿,7.180亿,49.54亿,-3.77,1.92,9.94,26.23,2026/04/23,7.45,-7.38%,2,0.44,-10.16,-2.40,3.14,0.29,18.2万,1.24亿,—,—,-0.14,-7.38,0.44,-2.40,22.71,31.59,2,49.77亿,49.54亿,1.97万,26.59,111.44,1.58,0.46,1.00,0.190,0.062,4.46,1.69,-7.94,-11.45,-14.43,0.03,9.05,56.2亿,64.21,—,0.88,0.0496,0.0864,3564,246万,184,12.71万,0.92,1.96,—,—,—,—,—,—,—,—,—,—,0,1,—,-618万,-0.22,-837万
71,603390,通达电气,13.35,-1.98,-0.27,22.7万,7593,13.35,13.36,-0.07,6.47,3.05亿,64.15, 汽车零部件,13.80,13.29,13.49,13.62,3.74,0.68,-8.96,-363,13.45,12.2万,10.4万,1.17,690,48,2.91,3.517亿,46.95亿,3.505亿,46.79亿,-6.51,10.70,23.48,54.30,2026/04/23,13.27,0.60%,-4,15.58,2.14,12.66,42.78,-2.51,26.9万,3.67亿,—,—,-1.04,0.60,15.58,12.66,51.81,57.54,-4,46.95亿,46.79亿,1.10万,64.15,73.59,2.91,5.05,0.67,0.160,0.181,3.41,2.90,64.78,228.58,473.73,0.22,27.58,2.79亿,14.71,—,-0.95,0.0622,0.1693,2180,294万,22,2.97万,0.68,0.81,—,—,—,—,—,—,—,—,—,—,0,2,—,-1944万,-1.13,-7441万
72,002242,九阳股份,10.88,1.87,0.20,29.9万,3206,10.88,10.89,-0.09,3.93,3.29亿,70.56, 小家电,11.35,10.70,10.84,10.68,6.09,0.72,34.17,2275,11.01,14.4万,15.5万,0.93,1329,1240,2.42,7.630亿,83.02亿,7.617亿,82.87亿,-2.42,4.92,10.96,31.02,2026/04/23,11.41,-4.65%,1,13.69,4.21,11.48,16.99,-1.20,24.7万,2.66亿,—,—,0.37,-4.65,13.69,11.48,25.98,45.51,1,83.02亿,82.87亿,1.78万,70.56,70.56,2.42,1.01,1.38,0.160,0.154,3.41,1.52,-7.23,-3.85,78.41,0.17,26.77,41.9亿,53.76,—,1.50,0.0590,0.1818,4495,487万,182,19.73万,2.19,1.82,—,—,—,—,—,—,—,—,—,—,0,2,—,57.0万,0.02,-5008万
73,600770,综艺股份,7.62,-3.42,-0.27,209万,3.25万,7.62,7.63,0.53,16.11,15.97亿,90.78, 综合Ⅱ,8.07,7.41,7.89,7.89,8.37,1.17,83.82,1.77万,7.63,115万,94.8万,1.21,164,272,2.89,13.00亿,99.06亿,13.00亿,99.06亿,9.48,32.29,53.45,84.98,2026/04/23,6.34,20.19%,-1,38.29,47.39,36.31,90.50,3.00,295万,22.98亿,—,—,-3.42,20.19,38.29,36.31,81.11,94.28,-1,99.06亿,99.06亿,2.10万,90.78,90.78,2.89,20.99,—,0.084,0.084,3.26,2.38,35.66,261.12,63.69,0.12,21.94,11.4亿,18.95,—,0.00,0.4242,0.7595,5.52万,4352万,1.06万,834万,0.65,1.87,—,—,—,—,—,—,—,—,—,—,0,5,6天3板,-4258万,-0.77,5249万
74,300061,旗天科技,9.59,-0.62,-0.06,20.6万,8624,9.59,9.60,-0.52,3.31,1.98亿,-169.95, 广告营销,9.69,9.51,9.60,9.65,1.87,0.41,-29.02,-1523,9.61,11.6万,8.96万,1.30,462,248,12.06,6.590亿,63.20亿,6.222亿,59.67亿,-4.20,17.38,16.35,43.82,2026/04/23,9.80,-2.14%,-4,18.40,-8.84,16.67,-14.38,-3.50,37.6万,3.65亿,—,—,-0.10,-2.14,18.40,16.67,38.27,49.35,-4,63.20亿,59.67亿,1.17万,-169.95,-28.46,12.06,13.64,—,-0.040,-0.337,-5.19,-2.06,-31.76,-39.23,-26.50,-0.22,30.12,7.49亿,58.07,—,-0.52,0.0240,0.0276,1494,143万,102,9.79万,0.64,0.40,—,—,—,—,—,—,—,—,—,—,0,1,—,-273万,-0.05,-2984万
75,000537,绿发电力,9.89,-3.51,-0.36,59.6万,6397,9.88,9.89,0.00,2.90,5.94亿,18.93, 电力,10.29,9.86,10.25,10.25,4.20,0.59,46.66,9887,9.97,38.0万,21.6万,1.75,7453,588,1.02,20.56亿,203.3亿,20.56亿,203.3亿,-8.09,-6.61,10.27,27.54,2026/04/23,11.65,-15.11%,-5,-2.18,20.46,-2.66,21.95,-0.49,60.5万,6.25亿,—,—,-3.51,-15.11,-2.18,-2.66,20.65,38.77,-5,203.3亿,203.3亿,4.81万,18.93,22.63,1.02,4.40,2.03,0.390,0.437,3.97,1.31,26.78,-12.02,-3.06,0.42,52.15,683亿,72.43,—,0.00,0.0375,0.1210,7716,791万,793,81.28万,1.21,1.28,—,—,—,—,—,—,—,—,—,—,0,4,—,-7647万,-1.21,-1.86亿
76,002606,大连电瓷,14.49,-0.62,-0.09,67.0万,7161,14.49,14.50,0.00,15.90,9.92亿,41.35, 电网设备,15.38,14.38,14.70,14.58,6.86,0.75,7.59,385,14.81,36.3万,30.7万,1.18,60,1629,3.50,4.391亿,63.62亿,4.211亿,61.02亿,-2.23,19.46,54.47,122.14,2026/04/23,13.34,8.62%,-2,31.13,65.79,29.38,70.07,-2.80,62.3万,9.13亿,—,—,-1.43,8.62,31.13,29.38,116.70,149.12,-2,63.62亿,61.02亿,1.01万,41.35,37.22,3.50,4.08,0.51,0.270,0.389,6.52,3.86,5.98,-25.82,-23.63,0.10,30.56,13.8亿,43.10,—,0.82,0.0900,0.1249,3789,557万,39,5.73万,0.58,0.61,—,—,—,—,—,—,—,—,—,—,0,5,—,-6288万,-1.43,-5309万
77,002490,山东墨龙,10.06,1.00,0.10,71.9万,1.09万,10.05,10.06,0.10,13.28,7.27亿,1556.82, 专用设备,10.36,9.81,10.20,9.96,5.52,0.73,27.79,5019,10.11,35.8万,36.1万,0.99,6132,420,16.12,7.978亿,80.26亿,5.417亿,54.50亿,-4.19,13.29,43.63,103.72,2026/04/23,9.77,2.97%,1,5.56,54.77,6.46,149.01,-2.54,65.4万,6.53亿,—,—,-1.37,2.97,5.56,6.46,87.91,133.73,1,80.26亿,54.50亿,1.13万,1556.82,1556.82,16.12,4.56,—,0.010,0.006,1.04,0.19,29.88,111.80,91.13,0.15,9.97,21.8亿,81.45,—,2.41,0.2337,0.4136,1.27万,1291万,82,8.36万,2.04,1.94,—,—,—,—,—,—,—,—,—,—,0,7,—,-377万,-0.12,-6073万
78,601016,节能风电,4.26,-6.58,-0.30,530万,5.21万,4.25,4.26,0.00,8.77,22.94亿,27.87, 电力,4.54,4.25,4.50,4.56,6.36,0.67,18.22,2.86万,4.33,336万,194万,1.73,3.85万,4295,1.58,65.44亿,278.8亿,60.38亿,257.2亿,-8.39,4.67,30.65,74.74,2026/04/23,4.48,-4.91%,-2,-0.47,44.41,0.00,55.47,-3.59,575万,26.65亿,—,—,-5.33,-4.91,-0.47,0.00,60.46,97.75,-2,278.8亿,257.2亿,3.20万,27.87,30.99,1.58,6.03,1.72,0.116,0.137,4.22,1.75,-10.50,-36.45,-37.34,0.76,42.80,264亿,58.69,—,-1.32,0.1168,0.2061,7.05万,3173万,1342,60.40万,2.01,1.23,—,—,—,—,—,—,—,—,—,—,0,6,—,-2.66亿,-1.83,-5.33亿
79,600726,华电能源,6.59,-7.18,-0.51,417万,5.04万,6.58,6.59,0.00,5.58,28.20亿,146.28, 电力,7.17,6.55,7.08,7.10,8.73,0.83,17.76,1.50万,6.75,223万,195万,1.15,2.30万,8224,12.67,79.07亿,521.1亿,74.75亿,492.6亿,3.29,37.58,20.26,39.27,2026/04/23,5.27,25.05%,-1,2.81,175.73,11.51,199.55,1.14,533万,38.55亿,—,—,-6.92,25.05,2.81,11.51,34.58,52.10,-1,521.1亿,492.6亿,5.66万,146.28,-2600.04,12.67,3.13,—,0.030,-0.003,6.83,2.31,-11.25,-40.99,-18.36,0.07,18.02,253亿,81.15,—,-0.28,0.0803,0.5738,6.01万,4253万,547,38.73万,0.74,1.13,—,—,—,—,—,—,—,—,—,—,0,12,6天4板,-2.50亿,-3.62,-2.56亿
80,600052,东望时代,4.44,9.90,0.40,53.9万,209,4.44,—,0.00,6.38,2.34亿,42.57, 电力,4.44,4.04,4.06,4.04,9.90,0.65,100.00,19.2万,4.34,31.6万,22.3万,1.41,18.7万,0,1.38,8.442亿,37.48亿,8.442亿,37.48亿,2.07,6.73,20.06,55.75,2026/04/22,4.16,6.73%,1,11.00,-5.73,10.72,9.09,-3.58,51.8万,2.10亿,—,—,9.36,-3.06,11.00,10.72,43.85,64.54,1,37.48亿,37.48亿,2.64万,42.57,-9.51,1.38,5.55,—,0.080,-0.467,2.49,1.99,96.51,-29.13,-171.35,0.48,13.48,2.65亿,8.85,—,0.50,0.0319,0.0523,2697,109万,1130,45.88万,0.80,0.52,09:42:50,8304万,09:54:29,8304万,18.7万,—,—,34.71,—,2.22,2,3,今日首板,7835万,3.42,7722万
81,603606,东方电缆,62.13,-1.99,-1.26,15.2万,1805,62.13,62.14,0.05,2.20,9.41亿,33.61, 电网设备,63.12,61.19,63.00,63.39,3.04,0.79,53.21,516,62.05,8.59万,6.58万,1.31,90,25,5.16,6.877亿,427.3亿,6.877亿,427.3亿,-3.09,-7.54,6.02,16.20,2026/04/22,67.20,-7.54%,-1,2.63,3.98,1.42,26.59,2.00,13.3万,8.38亿,—,—,-1.38,-5.74,2.63,1.42,11.24,24.39,-1,427.3亿,427.3亿,1.59万,33.61,33.61,5.16,3.94,0.90,1.850,1.849,16.83,9.18,19.26,26.11,38.01,0.29,22.11,72.5亿,46.69,—,-0.62,0.0163,0.0265,1124,708万,89,56.07万,1.61,0.85,—,—,—,—,—,—,—,—,—,—,0,1,—,-2966万,-0.11,-6786万
82,603496,恒为科技,30.51,1.03,0.31,22.8万,2891,30.51,30.52,0.07,7.13,6.89亿,279.63, 计算机设备,30.55,29.56,30.00,30.20,3.28,0.57,64.14,2998,30.19,12.0万,10.8万,1.12,227,120,7.03,3.202亿,97.70亿,3.202亿,97.70亿,-2.02,-3.14,22.98,69.49,2026/04/22,31.50,-3.14%,2,8.15,11.84,7.02,22.53,1.96,22.4万,6.80亿,—,—,1.70,-4.24,8.15,7.02,49.66,91.33,2,97.70亿,97.70亿,5648,279.63,279.63,7.03,9.33,0.08,0.109,0.109,2.54,1.81,-6.31,30.13,33.37,0.38,29.14,4.15亿,23.04,—,-0.66,0.0336,0.0455,1077,323万,144,43.20万,0.51,0.48,—,—,—,—,—,—,—,—,—,—,0,3,—,331万,0.05,-7855万
83,603903,中持股份,12.24,3.55,0.42,13.3万,2240,12.23,12.24,-0.08,5.20,1.64亿,49.24, 环境治理,12.80,12.04,12.15,11.82,6.43,1.19,-15.08,-308,12.34,7.38万,5.90万,1.25,66,301,2.00,2.553亿,31.25亿,2.553亿,31.25亿,0.49,-5.12,10.71,27.12,2026/04/22,12.90,-5.12%,1,7.27,-15.88,6.53,84.34,0.00,6.79万,8068万,—,—,0.74,-3.16,7.27,6.53,18.59,35.80,1,31.25亿,31.25亿,1.62万,49.24,-46.63,2.00,2.92,—,0.190,-0.262,3.09,0.99,2.15,2157.81,620.08,0.00,31.70,25.6亿,60.69,—,2.79,0.0597,0.0959,1524,185万,34,4.13万,2.94,2.25,—,—,—,—,—,—,—,—,—,—,0,1,—,87.8万,0.05,-423万
84,603815,交建股份,7.28,3.56,0.25,32.5万,3573,7.28,7.29,0.00,5.25,2.36亿,24.66, 基础建设,7.42,7.02,7.04,7.03,5.69,0.74,-20.21,-4284,7.27,14.4万,18.1万,0.79,1321,3398,1.86,6.189亿,45.06亿,6.189亿,45.06亿,5.35,4.30,14.68,40.84,2026/04/21,7.07,2.97%,3,21.74,-2.15,20.73,1.68,1.01,28.5万,2.01亿,—,—,3.41,0.55,21.74,20.73,29.85,76.35,3,45.06亿,45.06亿,3.23万,24.66,27.01,1.86,1.04,0.88,0.220,0.270,5.77,1.44,6.06,36.40,37.36,-0.05,11.02,74.9亿,74.80,—,0.14,0.0150,0.0288,927,65.26万,200,14.08万,0.62,0.32,—,—,—,—,—,—,—,—,—,—,0,2,—,1842万,0.79,4126万
85,000539,粤电力Ａ,6.53,-6.71,-0.47,161万,1.60万,6.53,6.54,0.00,6.29,10.68亿,57.15, 电力,6.98,6.52,6.96,7.00,6.57,0.66,61.75,3.61万,6.65,99.6万,61.1万,1.63,1.38万,2063,1.46,52.50亿,342.8亿,25.55亿,166.9亿,-5.22,-0.31,24.08,53.64,2026/04/21,6.39,2.19%,-2,10.87,47.74,11.62,48.07,-3.71,194万,13.75亿,—,—,-6.18,-8.67,10.87,11.62,41.91,75.45,-2,342.8亿,166.9亿,3.27万,57.15,57.15,1.46,0.67,0.31,0.110,0.114,2.59,0.57,-9.83,-37.78,-49.00,0.22,11.31,1446亿,77.71,—,-0.57,0.0950,0.2975,2.43万,1690万,742,51.63万,1.32,1.25,—,—,—,—,—,—,—,—,—,—,0,5,—,-1.55亿,-2.92,-2.75亿
86,002952,亚世光电,27.60,-2.20,-0.62,7.92万,1756,27.59,27.60,-0.18,6.02,2.18亿,272.23, 光学光电子,28.00,27.09,28.00,28.22,3.22,0.64,-29.05,-190,27.49,4.75万,3.17万,1.50,119,151,5.22,1.643亿,45.36亿,1.316亿,36.33亿,-4.40,0.80,21.23,53.31,2026/04/21,27.29,1.14%,-1,20.10,40.53,16.75,58.17,0.82,9.41万,2.61亿,—,—,-1.43,3.64,20.10,16.75,45.62,90.74,-1,45.36亿,36.33亿,5269,272.23,366.62,5.22,5.23,0.18,0.077,0.075,1.44,0.88,27.43,-26.16,-45.77,-0.19,10.56,2.57亿,22.46,—,-0.78,0.0384,0.0948,506,142万,5,1.40万,0.57,0.54,—,—,—,—,—,—,—,—,—,—,0,5,—,-726万,-0.49,-3835万
87,002565,顺灏股份,19.02,2.70,0.50,161万,2.24万,19.02,19.03,0.00,15.19,30.33亿,224.61, 包装印刷,19.19,18.18,18.32,18.52,5.45,0.74,36.87,9120,18.83,79.6万,81.5万,0.98,1.13万,763,10.81,10.60亿,201.6亿,10.60亿,201.6亿,2.42,-13.35,45.25,118.58,2026/04/21,22.32,-14.78%,1,11.82,3.76,13.89,531.89,-1.75,141万,26.36亿,—,—,3.82,-3.74,11.82,13.89,93.40,216.08,1,201.6亿,201.6亿,2.41万,224.61,355.62,10.81,15.68,0.20,0.064,0.053,3.58,2.93,-20.57,20.29,-61.12,0.24,26.95,5.89亿,22.33,—,-1.08,0.1396,0.1834,1.48万,2711万,350,64.12万,0.91,1.05,—,—,—,—,—,—,—,—,—,—,0,7,—,4058万,0.26,-2.88亿
88,600678,ST金顶,10.38,-5.03,-0.55,2108,54,—,10.38,0.00,0.06,219万,84.75, 水泥,10.38,10.38,10.38,10.93,0.00,—,-100.00,-83.5万,10.38,0,2108,0.00,0,82.6万,12.85,3.490亿,36.23亿,3.490亿,36.23亿,-7.16,-15.06,8.03,52.29,2026/04/21,11.87,-12.55%,-3,-1.14,-24.18,-1.89,53.10,0.00,—,—,—,—,0.00,-11.96,-1.14,-1.89,37.90,93.10,-3,36.23亿,36.23亿,5113,84.75,190.31,12.85,6.64,—,0.092,0.055,13.48,2.33,84.41,620.08,471.66,0.17,26.28,11.7亿,77.84,—,-5.03,0.0081,0.0101,281,29.17万,40.7万,4.23亿,—,—,—,8.57亿,—,8.57亿,82.6万,—,—,39167.05,—,23.66,0,2,—,-89.4万,-0.03,-1384万
89,002752,昇兴股份,7.40,0.27,0.02,40.3万,3863,7.39,7.40,0.00,4.13,3.01亿,23.54, 包装印刷,7.64,7.33,7.36,7.38,4.20,0.55,2.51,337,7.47,19.8万,20.5万,0.97,2498,356,2.04,9.769亿,72.29亿,9.755亿,72.19亿,-2.50,2.64,14.92,41.95,2026/04/21,6.90,7.25%,1,20.13,11.45,18.21,40.15,0.00,46.6万,3.46亿,—,—,0.54,2.07,20.13,18.21,33.47,60.25,1,72.29亿,72.19亿,2.39万,23.54,23.54,2.04,1.01,1.35,0.310,0.314,8.82,3.88,0.61,-27.44,-31.49,0.15,11.03,42.0亿,54.07,—,-0.27,0.0556,0.1540,5422,399万,691,50.86万,2.57,1.16,—,—,—,—,—,—,—,—,—,—,0,1,—,-201万,-0.08,-9258万
90,301022,海泰科,29.41,0.79,0.23,2.50万,960,29.41,29.42,0.17,3.72,7349万,37.38, 汽车零部件,29.59,29.12,29.55,29.18,1.61,0.41,17.49,212,29.37,1.18万,1.32万,0.90,21,2,2.07,9948万,29.26亿,6719万,19.76亿,-4.79,-18.08,15.33,49.68,2026/04/21,33.40,-11.95%,1,3.96,-11.12,2.30,23.88,-0.88,3.24万,9514万,—,—,-0.47,-15.42,3.96,2.30,35.38,75.95,1,29.26亿,19.76亿,4768,37.38,66.89,2.07,3.72,0.87,0.687,0.440,5.84,2.84,21.34,91.11,95.69,0.07,17.80,7.96亿,35.97,—,1.27,0.0697,0.0806,468,138万,153,45.21万,1.21,1.44,—,—,—,—,—,—,—,—,—,—,0,1,—,-769万,-0.45,-2473万
91,300533,冰川网络,26.61,-4.00,-1.11,10.3万,1959,26.61,26.62,0.00,6.22,2.76亿,13.02, 游戏Ⅱ,27.48,26.60,27.45,27.72,3.17,0.68,14.74,147,26.92,5.33万,4.94万,1.08,33,36,4.09,2.345亿,62.39亿,1.650亿,43.90亿,-9.49,-11.15,19.79,51.92,2026/04/21,30.58,-12.98%,-5,-3.13,-23.38,-8.27,24.46,-4.35,11.9万,3.32亿,—,—,-3.06,-13.55,-3.13,-8.27,37.28,89.25,-5,62.39亿,43.90亿,4556,13.02,13.02,4.09,2.33,—,2.040,2.043,32.62,19.52,-8.40,293.77,196.27,0.55,93.03,11.1亿,38.31,—,-0.97,0.0511,0.0661,843,231万,155,42.55万,0.33,0.71,—,—,—,—,—,—,—,—,—,—,0,1,—,-3361万,-0.99,-5707万
92,002935,天奥电子,22.78,1.02,0.23,19.0万,2622,22.78,22.79,0.13,4.57,4.30亿,149.06, 军工电子Ⅱ,23.00,22.20,22.33,22.55,3.55,1.02,-21.00,-353,22.68,9.08万,9.88万,0.92,117,147,5.96,4.241亿,96.61亿,4.151亿,94.56亿,6.15,5.12,14.29,27.03,2026/04/21,20.81,9.47%,4,23.07,1.92,24.01,73.10,3.73,23.0万,5.08亿,—,—,2.02,5.86,23.07,24.01,21.79,45.86,4,96.61亿,94.56亿,2.01万,149.06,149.06,5.96,10.46,0.22,0.153,0.153,4.03,0.53,1.65,0.96,-37.54,-0.07,22.64,12.8亿,44.76,—,-0.98,0.0180,0.0315,746,167万,186,41.53万,0.84,0.32,—,—,—,—,—,—,—,—,—,—,0,2,—,4332万,0.80,1.49亿
93,603130,云中马,45.66,-1.57,-0.73,1.84万,222,45.66,45.67,-0.02,1.34,8401万,60.04, 纺织制造,46.98,45.18,46.42,46.39,3.88,0.59,10.92,13,45.73,9766,8602,1.14,3,3,4.52,1.375亿,62.79亿,1.375亿,62.79亿,-3.10,-4.10,4.26,12.58,2026/04/21,44.25,3.19%,-1,19.12,-19.07,19.00,108.30,0.17,1.47万,6814万,—,—,-1.64,-5.33,19.12,19.00,9.55,30.60,-1,62.79亿,62.79亿,1.58万,60.04,60.04,4.52,2.35,0.50,0.760,0.760,7.61,3.62,2.16,4.21,-6.89,0.33,8.23,13.3亿,48.30,—,0.06,0.0021,0.0081,29,13.46万,6,2.79万,0.97,0.20,—,—,—,—,—,—,—,—,—,—,0,3,—,-923万,-0.56,-2032万
94,000880,潍柴重机,30.90,8.16,2.33,42.0万,2849,30.90,30.91,-0.03,18.50,12.96亿,59.71, 汽车零部件,31.35,30.05,30.49,28.57,4.55,2.03,9.19,275,30.87,19.7万,22.3万,0.88,958,327,6.82,4.638亿,143.3亿,2.270亿,70.15亿,2.45,-3.74,34.75,64.15,2026/04/21,31.14,-0.77%,1,16.78,13.10,13.64,34.46,-1.21,17.1万,4.87亿,—,—,1.34,-2.06,16.78,13.64,50.41,127.31,1,143.3亿,70.15亿,4267,59.71,59.71,6.82,2.34,0.58,0.520,0.518,9.94,3.06,46.51,65.75,45.66,0.12,10.14,62.5亿,74.83,—,6.72,0.2952,0.2952,6701,2043万,17,5.18万,22.04,3.93,—,—,—,—,—,—,—,—,—,—,0,3,—,809万,0.12,-6549万
95,003006,百亚股份,18.51,-1.59,-0.30,4.88万,609,18.50,18.51,0.05,1.14,9030万,24.39, 个护用品,18.80,18.36,18.68,18.81,2.34,0.63,43.89,388,18.52,2.68万,2.19万,1.22,49,27,5.42,4.296亿,79.53亿,4.286亿,79.33亿,-0.05,-2.22,4.98,10.19,2026/04/21,18.33,0.98%,-1,6.56,-15.25,4.87,-29.81,3.47,9.72万,1.82亿,—,—,-0.91,-3.69,6.56,4.87,7.83,20.97,-1,79.53亿,79.33亿,4.14万,24.39,27.08,5.42,2.24,2.97,0.570,0.684,16.91,11.52,12.80,2.53,5.15,0.28,54.00,6.27亿,29.91,—,-0.69,0.0087,0.0230,374,69.86万,21,3.92万,2.02,0.38,—,—,—,—,—,—,—,—,—,—,0,1,—,-548万,-0.18,2591万
96,002300,太阳电缆,9.37,-3.30,-0.32,37.7万,5200,9.36,9.37,0.00,5.23,3.56亿,81.40, 电网设备,9.72,9.35,9.66,9.69,3.82,0.66,29.55,3309,9.43,24.7万,13.0万,1.90,2019,759,3.57,7.223亿,67.68亿,7.223亿,67.68亿,-9.03,-8.32,16.26,44.86,2026/04/21,10.42,-10.08%,-5,-2.29,1.85,-0.43,66.73,-0.82,30.9万,3.00亿,—,—,-3.00,-11.52,-2.29,-0.43,30.95,80.41,-5,67.68亿,67.68亿,7391,81.40,81.40,3.57,0.56,0.75,0.115,0.115,4.39,0.96,-12.31,-8.54,-18.97,0.12,3.96,41.1亿,64.22,—,-0.31,0.0114,0.0220,824,79.60万,35,3.38万,0.38,0.27,—,—,—,—,—,—,—,—,—,—,0,3,—,-4499万,-1.28,-9444万
97,603318,水发燃气,14.26,-1.99,-0.29,109万,2.29万,14.26,14.27,-0.28,23.71,15.62亿,-130.47, 燃气Ⅱ,15.10,13.82,14.68,14.55,8.80,1.30,-17.00,-849,14.35,56.8万,52.1万,1.09,743,500,4.14,5.547亿,79.10亿,4.591亿,65.46亿,13.81,51.54,87.71,114.62,2026/04/21,8.47,68.36%,-1,81.19,112.84,83.29,129.26,5.59,153万,21.21亿,—,—,-2.86,37.78,81.19,83.29,111.75,167.53,-1,79.10亿,65.46亿,1.64万,-130.47,-1176.56,4.14,3.14,0.39,-0.100,-0.012,-3.19,-0.11,-3.67,-171.15,-98.78,0.04,14.28,25.6亿,58.26,—,0.89,0.6751,1.1403,3.10万,4549万,2876,422万,0.58,2.03,—,—,—,—,—,—,—,—,—,—,0,10,9天6板,1128万,0.29,-3.33亿
98,002324,普利特,14.63,-2.40,-0.36,32.8万,4412,14.63,14.64,-0.14,4.23,4.83亿,37.55, 塑料,15.25,14.46,14.93,14.99,5.27,0.70,-4.70,-212,14.72,20.2万,12.7万,1.59,446,215,3.56,11.12亿,162.7亿,7.763亿,113.6亿,-1.01,-16.06,16.85,34.54,2026/04/21,17.31,-15.48%,-1,-2.47,-8.51,-4.69,47.18,0.07,36.6万,5.42亿,—,—,-2.01,-13.07,-2.47,-4.69,28.39,64.65,-1,162.7亿,113.6亿,2.68万,37.55,63.31,3.56,1.74,0.34,0.296,0.231,7.29,2.56,18.29,55.42,68.28,0.10,14.61,82.1亿,62.68,—,-0.40,0.0144,0.0182,1120,167万,82,12.24万,0.21,0.31,—,—,—,—,—,—,—,—,—,—,0,5,—,-6690万,-0.74,-2473万
99,600118,中国卫星,102.80,4.97,4.87,72.5万,9709,102.80,102.81,-0.01,6.13,73.28亿,3418.76, 航天装备Ⅱ,103.80,97.01,97.01,97.93,6.93,1.02,58.62,2984,101.08,30.8万,41.7万,0.74,2182,379,19.10,11.82亿,1216亿,11.82亿,1216亿,3.32,5.35,14.44,36.23,2026/04/21,94.52,8.76%,2,25.58,8.27,28.60,294.02,0.97,44.5万,43.37亿,—,—,5.97,0.78,25.58,28.60,27.53,64.26,2,1216亿,1216亿,3766,3418.76,3418.76,19.10,19.92,0.01,0.030,0.030,0.56,0.18,18.35,27.38,58.46,0.08,8.84,51.2亿,38.78,—,-0.94,0.0279,0.0576,3303,3205万,514,498万,0.75,0.74,—,—,—,—,—,—,—,—,—,—,0,3,—,7.15亿,1.21,3.48亿
100,002217,合力泰,2.89,-5.86,-0.18,730万,12.1万,2.89,2.90,-0.34,10.03,21.37亿,951.25, 光学光电子,3.05,2.88,3.02,3.07,5.54,0.81,54.28,25.9万,2.93,454万,276万,1.65,7.01万,1.40万,11.55,74.79亿,216.2亿,72.79亿,210.4亿,-2.36,-1.37,46.22,71.87,2026/04/19,2.68,7.84%,-1,22.46,-5.25,23.50,31.36,3.02,1081万,32.50亿,—,—,-4.30,4.33,22.46,23.50,61.78,112.91,-1,216.2亿,210.4亿,2.90万,951.25,951.25,11.55,12.83,—,0.003,0.003,1.22,1.16,27.02,-98.50,101.96,-0.11,17.45,6.17亿,24.41,—,-1.63,0.1485,0.2091,10.8万,3265万,1480,44.70万,0.26,1.00,—,—,—,—,—,—,—,—,—,—,0,4,—,-2.77亿,-1.85,-9.16亿
101,002418,康盛股份,5.64,-3.75,-0.22,134万,2.94万,5.64,5.65,0.18,11.83,7.62亿,347.50, 家电零部件Ⅱ,5.89,5.57,5.87,5.86,5.46,0.57,43.19,2.04万,5.67,80.0万,54.4万,1.47,2040,5918,4.45,11.36亿,64.09亿,11.36亿,64.09亿,-5.84,-16.32,43.26,116.32,2026/04/19,6.19,-8.89%,-1,18.49,18.24,17.50,103.61,2.99,206万,12.30亿,—,—,-3.92,-13.36,18.49,17.50,82.25,209.36,-1,64.09亿,64.09亿,1.53万,347.50,-85.90,4.45,2.27,—,0.012,-0.066,0.97,0.26,12.43,240.21,179.75,-0.12,9.23,16.2亿,50.05,—,0.17,0.2670,0.3451,3.03万,1781万,3177,186万,1.49,1.47,—,—,—,—,—,—,—,—,—,—,0,6,—,-8593万,-1.73,-1.34亿
102,600962,国投中鲁,21.75,0.97,0.21,5.52万,709,21.74,21.75,0.14,2.10,1.19亿,139.37, 农产品加工,21.97,20.89,21.30,21.54,5.01,1.17,64.39,774,21.58,2.64万,2.88万,0.92,76,8,6.01,2.622亿,57.03亿,2.622亿,57.03亿,4.57,0.88,6.19,11.13,2026/04/19,20.71,5.02%,3,15.20,-0.82,14.11,69.92,1.99,5.30万,1.14亿,—,—,2.11,0.51,15.20,14.11,9.24,24.77,3,57.03亿,57.03亿,1.68万,139.37,139.37,6.01,2.87,—,0.156,0.156,4.43,2.16,-0.15,39.88,16.65,0.15,16.74,16.5亿,61.35,—,-1.11,0.0356,0.0643,934,199万,34,7.24万,3.27,1.76,—,—,—,—,—,—,—,—,—,—,0,2,—,-60.3万,-0.02,2125万
103,600727,鲁北化工,8.07,-0.12,-0.01,28.1万,1273,8.06,8.07,0.00,5.31,2.28亿,111.46, 化学原料,8.25,8.03,8.08,8.08,2.72,1.10,-33.73,-3500,8.12,15.1万,13.0万,1.17,1342,1045,1.33,5.286亿,42.66亿,5.286亿,42.66亿,1.25,2.02,13.84,29.48,2026/04/19,7.69,4.94%,-1,5.49,17.98,8.03,0.62,2.15,25.3万,2.03亿,—,—,-0.12,1.38,5.49,8.03,23.58,67.65,-1,42.66亿,42.66亿,1.08万,111.46,111.46,1.33,0.84,0.62,0.070,0.072,1.20,1.22,-11.43,-85.34,-90.13,0.02,8.74,53.4亿,59.96,—,0.00,0.0360,0.0548,1905,154万,71,5.74万,0.99,0.75,—,—,—,—,—,—,—,—,—,—,0,2,—,-1.16万,0.00,-302万
104,605298,必得科技,58.67,-0.90,-0.53,2.05万,665,58.66,58.67,-0.34,1.10,1.20亿,194.10, 轨交设备Ⅱ,60.06,57.13,60.06,59.20,4.95,0.51,73.49,61,58.69,9579,1.09万,0.88,2,4,10.38,1.879亿,110.2亿,1.863亿,109.3亿,-7.27,-2.10,4.16,11.93,2026/04/19,54.75,7.16%,-3,25.96,46.79,26.61,369.74,-1.58,2.41万,1.44亿,—,—,-2.31,-2.78,25.96,26.61,9.13,22.11,-3,110.2亿,109.3亿,2.17万,194.10,194.10,10.38,19.63,0.34,0.310,0.302,5.50,4.44,16.24,46.13,47.78,0.61,43.42,2.61亿,19.64,—,1.45,0.0075,0.0269,140,84.08万,0,—,1.30,0.58,—,—,—,—,—,—,—,—,—,—,0,4,—,-320万,-0.10,-2503万
105,603922,ST金鸿顺,19.91,-5.01,-1.05,2552,8,—,19.91,0.00,0.14,508万,170.35, 汽车零部件,19.91,19.91,19.91,20.96,0.00,0.02,-100.00,-14.8万,19.91,0,2552,0.00,0,14.7万,3.43,1.792亿,35.68亿,1.792亿,35.68亿,-9.34,-10.92,5.27,24.80,2026/04/19,21.51,-7.44%,-4,-5.24,-4.09,-5.05,-10.27,0.00,—,—,—,—,0.00,-15.99,-5.24,-5.05,16.54,49.40,-4,35.68亿,35.68亿,1.58万,170.35,180.73,3.43,5.11,—,0.090,0.110,1.53,1.12,-26.34,200.89,178.34,-0.19,15.71,3.06亿,22.74,—,-5.01,0.0279,0.0507,500,99.55万,8.93万,1.78亿,—,—,—,2.92亿,—,2.92亿,14.7万,—,—,5756.11,—,8.20,0,2,—,-200万,-0.10,-3602万
106,002081,金 螳 螂,5.90,10.07,0.54,576万,5910,5.90,—,0.00,21.77,32.20亿,30.79, 装修装饰Ⅱ,5.90,5.07,5.17,5.36,15.49,1.45,100.00,15.9万,5.59,250万,325万,0.77,14.7万,0,1.14,26.55亿,156.7亿,26.45亿,156.0亿,33.18,19.43,51.47,96.61,2026/04/19,3.71,59.03%,3,75.60,72.51,73.53,85.53,10.06,314万,16.27亿,—,—,14.12,8.66,75.60,73.53,84.10,113.53,3,156.7亿,156.0亿,4.10万,30.79,34.25,1.14,0.92,1.69,0.144,0.172,2.78,1.14,-9.20,-18.47,-14.29,-0.03,12.64,197亿,58.24,—,-3.54,0.4798,0.9481,12.7万,6561万,492,25.44万,0.99,4.04,10:24:15,8681万,13:34:42,8681万,14.7万,1.50亿,28.0万,2.56,8.92,0.56,1,8,10天8板,-1.12亿,-1.42,3.79亿
107,600208,衢州发展,4.55,9.90,0.41,199万,3516,4.55,—,0.00,2.33,8.90亿,53.66, 房地产开发,4.55,4.21,4.21,4.14,8.21,0.60,100.00,19.9万,4.48,99.9万,98.7万,1.01,14.5万,0,0.93,85.09亿,387.2亿,85.08亿,387.1亿,6.81,9.64,8.48,21.68,2026/04/19,3.58,27.09%,2,44.44,17.57,42.63,64.26,0.73,225万,9.40亿,—,—,8.08,5.81,44.44,42.63,17.71,35.02,2,387.2亿,387.1亿,7.66万,53.66,-90.86,0.93,11.34,—,0.064,-0.050,1.30,0.43,-92.56,-72.71,-65.10,0.00,21.61,550亿,56.66,—,1.69,0.0253,0.0527,2.15万,905万,2198,92.54万,1.39,0.96,09:42:50,6618万,09:47:44,6618万,14.5万,—,—,7.32,—,0.17,6,3,今日首板,2.32亿,1.25,8081万
108,001268,联合精密,38.41,9.99,3.49,4.77万,10,38.41,—,0.00,7.58,1.77亿,52.22, 家电零部件Ⅱ,38.41,34.92,34.92,34.92,9.99,1.19,100.00,2.70万,37.07,2.64万,2.13万,1.24,2.65万,0,4.04,1.079亿,41.46亿,6293万,24.17亿,9.15,2.32,15.19,39.49,2026/04/16,31.34,22.56%,2,33.37,8.11,29.54,100.26,0.78,2.45万,8573万,—,—,9.99,1.86,33.37,29.54,29.64,88.89,2,41.46亿,24.17亿,7056,52.22,51.32,4.04,5.13,1.16,0.550,0.748,5.85,4.04,10.37,18.57,19.14,0.22,22.29,5.07亿,33.07,—,0.00,0.0094,0.0127,59,20.60万,15,5.24万,0.51,0.24,13:50:00,1.02亿,13:50:00,1.02亿,2.65万,—,—,55.44,—,4.20,0,3,今日首板,2506万,1.41,2802万
109,600961,株冶集团,26.49,-4.40,-1.22,62.6万,8961,26.49,26.50,-0.19,8.33,16.89亿,6.21, 工业金属,27.92,26.42,27.47,27.71,5.41,0.63,24.51,1081,26.98,34.9万,27.7万,1.26,1605,427,5.62,10.73亿,284.2亿,7.518亿,199.2亿,-8.84,-9.22,26.92,74.59,2026/04/16,20.08,31.92%,-1,52.33,64.53,49.32,156.94,1.17,66.1万,18.30亿,—,—,-3.57,-9.16,52.33,49.32,55.25,103.78,-1,284.2亿,199.2亿,1.35万,6.21,14.27,5.62,1.16,—,1.060,1.857,25.30,11.70,45.90,313.00,323.42,0.42,24.09,41.1亿,40.71,—,-0.87,0.1279,0.2057,9614,2641万,1480,407万,0.80,1.46,—,—,—,—,—,—,—,—,—,—,0,5,—,-2.12亿,-1.71,-3.44亿
110,002468,申通快递,16.35,-1.33,-0.22,27.7万,1926,16.34,16.35,-0.12,1.88,4.52亿,18.28, 物流,16.63,16.17,16.58,16.57,2.78,1.05,65.35,1094,16.35,14.0万,13.7万,1.02,490,52,2.29,15.31亿,250.3亿,14.67亿,239.9亿,-6.73,-6.57,6.01,10.90,2026/04/16,18.03,-9.32%,-1,10.32,21.83,7.92,47.43,0.12,23.4万,3.89亿,—,—,-1.39,-7.78,10.32,7.92,8.86,23.71,-1,250.3亿,239.9亿,3.61万,18.28,18.28,2.29,0.48,0.40,0.920,0.894,13.32,2.84,17.84,31.64,18.71,0.15,5.68,176亿,63.10,—,0.06,0.0051,0.0130,745,124万,7,1.16万,0.51,0.32,—,—,—,—,—,—,—,—,—,—,0,2,—,4548万,0.48,-1177万
111,603878,武进不锈,7.95,-1.73,-0.14,13.2万,1194,7.94,7.95,0.25,2.36,1.06亿,57.15, 普钢,8.23,7.93,8.09,8.09,3.71,0.88,11.34,589,8.03,8.35万,4.89万,1.71,789,208,1.70,5.611亿,44.61亿,5.611亿,44.61亿,-0.87,-7.34,6.15,15.82,2026/04/16,8.27,-3.87%,-1,6.85,-14.15,4.61,55.27,1.13,10.4万,8370万,—,—,-1.73,-1.00,6.85,4.61,11.19,30.38,-1,44.61亿,44.61亿,2.31万,57.15,57.15,1.70,1.96,1.12,0.140,0.139,2.99,2.11,-12.92,-37.91,-49.89,0.22,13.40,15.5亿,37.06,—,0.00,0.0066,0.0109,370,29.93万,119,9.63万,1.35,0.36,—,—,—,—,—,—,—,—,—,—,0,3,—,-909万,-0.34,-160万
112,002757,南兴股份,23.16,1.71,0.39,32.6万,3990,23.16,23.17,0.00,11.56,7.62亿,55.89, 专用设备,24.25,22.89,22.94,22.77,5.97,1.14,-9.04,-372,23.36,15.8万,16.8万,0.95,905,327,3.43,2.955亿,68.43亿,2.821亿,65.32亿,-1.28,3.39,31.75,62.21,2026/04/16,22.79,1.62%,2,15.92,18.95,12.54,34.73,1.38,27.9万,6.35亿,—,—,0.96,3.49,15.92,12.54,54.28,95.51,2,68.43亿,65.32亿,5725,55.89,-23.55,3.43,2.15,1.51,0.311,-0.983,4.55,2.67,-5.80,-55.69,-58.11,0.42,15.92,15.4亿,43.13,—,0.75,0.0761,0.1171,2146,492万,42,9.63万,1.52,0.77,—,—,—,—,—,—,—,—,—,—,0,5,—,-76.9万,-0.02,-3945万
113,600549,厦门钨业,57.78,-2.84,-1.69,69.2万,6875,57.78,57.79,-0.02,4.46,40.40亿,39.69, 小金属,60.07,57.40,58.50,59.47,4.49,0.87,40.25,1408,58.36,37.5万,31.7万,1.18,342,576,5.33,15.88亿,917.3亿,15.54亿,897.9亿,1.74,-12.85,14.42,30.10,2026/04/16,61.88,-6.63%,-1,3.88,40.72,3.18,224.79,8.19,87.3万,50.38亿,—,—,-1.23,-7.77,3.88,3.18,25.27,50.35,-1,917.3亿,897.9亿,1.29万,39.69,39.69,5.33,2.25,0.73,1.456,1.456,14.00,5.38,32.03,33.74,39.63,0.12,18.02,248亿,49.23,—,-1.63,0.0432,0.0686,6712,3927万,555,325万,2.89,0.77,—,—,—,—,—,—,—,—,—,—,0,3,—,-4.24亿,-0.75,-8.27亿
114,605060,联德股份,58.54,-1.70,-1.01,8.74万,478,58.53,58.54,0.02,3.66,5.17亿,61.86, 通用设备,60.75,58.10,58.96,59.55,4.45,0.86,33.74,220,59.22,4.66万,4.07万,1.15,144,37,5.71,2.406亿,140.8亿,2.389亿,139.9亿,1.79,-7.81,12.32,24.83,2026/04/16,58.95,-0.70%,-1,17.43,58.39,12.15,258.04,2.06,8.88万,5.17亿,—,—,-0.71,-5.75,17.43,12.15,19.34,44.96,-1,140.8亿,139.9亿,1.07万,61.86,61.86,5.71,11.23,0.60,0.950,0.946,9.53,7.84,14.19,21.46,20.29,0.70,36.35,5.13亿,17.17,—,-0.99,0.0092,0.0239,220,130万,50,29.48万,0.43,0.25,—,—,—,—,—,—,—,—,—,—,0,5,—,-3368万,-0.63,-1777万
115,605287,德才股份,55.32,-0.56,-0.31,9.37万,1555,55.31,55.32,-0.31,6.69,5.17亿,118.38, 装修装饰Ⅱ,57.29,53.75,55.43,55.63,6.36,0.85,-13.16,-17,55.20,5.33万,4.04万,1.32,3,31,4.99,1.400亿,77.45亿,1.400亿,77.45亿,12.26,17.03,30.17,46.15,2026/04/16,46.98,17.75%,-1,34.99,113.43,22.72,342.56,2.62,17.3万,9.61亿,—,—,-0.20,20.52,34.99,22.72,41.87,69.26,-1,77.45亿,77.45亿,1.63万,118.38,-24.50,4.99,2.48,—,0.358,-2.258,3.18,0.44,-34.02,-37.43,-55.64,0.02,10.07,92.5亿,84.71,—,-0.36,0.0844,0.1564,1182,655万,58,32.15万,0.21,0.68,—,—,—,—,—,—,—,—,—,—,0,14,4天2板,-1381万,-0.33,524万
116,600768,宁波富邦,18.88,3.23,0.59,13.5万,1451,18.88,18.89,-0.42,10.10,2.54亿,43.10, 工业金属,19.25,18.11,18.29,18.29,6.23,1.26,36.29,180,18.81,6.41万,7.10万,0.90,144,2,5.88,1.337亿,25.25亿,1.337亿,25.25亿,8.51,10.22,30.21,50.21,2026/04/16,17.52,7.76%,5,8.38,34.86,8.07,112.85,4.16,12.2万,2.20亿,—,—,3.23,13.73,8.38,8.07,43.83,89.35,5,25.25亿,25.25亿,8743,43.10,43.10,5.88,2.18,0.26,0.440,0.438,14.51,7.64,10.85,3649.06,158.67,-0.22,9.52,5.86亿,53.18,—,0.00,0.0619,0.0987,828,151万,146,26.70万,0.77,0.68,—,—,—,—,—,—,—,—,—,—,0,1,—,599万,0.38,1500万
117,603933,睿能科技,24.44,5.03,1.17,23.3万,3087,24.43,24.44,-0.04,11.20,5.60亿,93.36, 其他电子Ⅱ,24.50,23.28,24.20,23.27,5.24,2.87,-74.58,-2139,24.11,9.20万,14.1万,0.65,173,159,3.84,2.075亿,50.72亿,2.075亿,50.72亿,10.79,2.69,18.19,30.69,2026/04/16,24.95,-2.04%,2,9.60,-6.22,9.60,58.80,10.02,8.04万,1.86亿,—,—,0.99,5.39,9.60,9.60,25.74,60.56,2,50.72亿,50.72亿,1.07万,93.36,296.63,3.84,2.39,0.25,0.196,0.082,3.11,1.79,12.95,-32.73,-30.91,0.01,22.90,11.4亿,45.64,—,4.00,0.2547,0.6312,5286,1279万,528,128万,2.09,6.57,—,—,—,—,—,6449万,2.77万,—,34.46,—,0,4,昨日首板,87.6万,0.04,4527万
118,002237,恒邦股份,16.61,-2.06,-0.35,28.6万,2080,16.61,16.62,-0.18,2.40,4.75亿,37.25, 贵金属,16.95,16.37,16.82,16.96,3.42,0.62,-79.35,-3073,16.63,16.4万,12.2万,1.35,72,243,1.79,14.30亿,237.5亿,11.92亿,198.1亿,0.85,-10.12,8.54,21.73,2026/04/16,16.51,0.61%,-1,11.48,23.77,9.56,52.81,6.60,45.0万,7.49亿,—,—,-1.25,-3.04,11.48,9.56,17.09,44.22,-1,237.5亿,198.1亿,1.41万,37.25,37.25,1.79,0.21,0.81,0.540,0.446,6.12,2.03,48.28,15.55,28.30,-0.10,2.03,234亿,64.00,—,-0.83,0.0304,0.0451,3626,610万,212,35.66万,2.09,0.81,—,—,—,—,—,—,—,—,—,—,0,3,—,-4799万,-0.36,-8265万
119,001203,大中矿业,52.31,1.97,1.01,46.1万,2386,52.31,52.32,0.27,3.53,24.19亿,101.28, 冶钢原料,54.65,51.08,52.00,51.30,6.96,1.60,36.94,287,52.51,20.2万,25.8万,0.78,385,154,11.47,15.33亿,802.0亿,13.06亿,683.2亿,10.66,15.73,7.45,14.53,2026/04/16,46.39,12.76%,2,31.00,70.67,32.16,563.83,9.99,32.1万,15.91亿,—,—,0.60,16.84,31.00,32.16,12.52,23.68,2,802.0亿,683.2亿,2.87万,101.28,117.37,11.47,20.61,0.37,0.390,0.446,9.08,3.66,1.60,-10.28,-8.65,0.19,46.86,104亿,61.06,—,1.36,0.0291,0.0711,3797,1974万,826,430万,13.61,1.18,—,—,—,—,—,5323万,1.04万,—,3.24,—,0,7,昨日首板,-1.29亿,-0.46,-4741万
120,603322,超讯通信,32.50,1.06,0.34,6.26万,1283,32.50,32.52,-0.15,3.98,2.03亿,64.16, 通信服务,32.69,32.07,32.50,32.16,1.93,0.59,12.71,76,32.46,2.87万,3.40万,0.84,82,9,17.78,1.576亿,51.22亿,1.576亿,51.22亿,0.93,-9.45,16.92,37.78,2026/04/16,36.26,-10.37%,1,6.38,-15.28,3.67,-15.89,-1.71,8.27万,2.69亿,—,—,0.00,-7.28,6.38,3.67,31.29,92.53,1,51.22亿,51.22亿,4075,64.16,-187.50,17.78,2.08,—,0.380,-0.173,23.19,2.45,79.63,135.48,124.47,0.05,8.55,19.1亿,85.56,—,1.06,0.0209,0.0263,330,107万,22,7.15万,0.46,0.40,—,—,—,—,—,—,—,—,—,—,0,1,—,-132万,-0.03,-5719万
121,002595,豪迈科技,87.45,-2.95,-2.66,5.83万,429,87.45,87.46,0.00,0.73,5.13亿,29.23, 专用设备,89.70,85.60,88.00,90.11,4.55,1.47,-52.38,-264,87.92,3.13万,2.71万,1.16,23,21,5.82,8.000亿,699.6亿,7.945亿,694.8亿,0.01,-4.77,1.56,3.22,2026/04/16,89.02,-1.76%,-1,10.44,3.48,8.62,60.78,2.91,3.97万,3.55亿,—,—,-0.63,-3.75,10.44,8.62,2.43,6.07,-1,699.6亿,694.8亿,4.01万,29.23,29.23,5.82,6.31,1.14,3.001,2.992,21.80,18.11,25.70,18.99,20.16,0.44,33.56,27.3亿,18.49,—,-2.34,0.0054,0.0110,429,378万,3,2.64万,5.64,1.08,—,—,—,—,—,—,—,—,—,—,0,1,—,-5446万,-0.16,-4676万
122,002940,昂利康,33.08,-3.19,-1.09,11.6万,1687,33.08,33.09,-0.03,6.26,3.86亿,64.42, 化学制药,34.28,32.88,33.95,34.17,4.10,0.48,36.82,574,33.27,6.42万,5.19万,1.24,884,267,4.24,2.017亿,66.73亿,1.853亿,61.29亿,-8.95,-16.84,25.34,71.91,2026/04/16,35.60,-7.08%,-4,4.32,-1.31,-5.16,165.49,-3.34,15.4万,5.32亿,—,—,-2.56,-15.61,4.32,-5.16,58.37,158.08,-4,66.73亿,61.29亿,6493,64.42,61.74,4.24,4.53,0.37,0.390,0.536,4.99,3.41,-5.92,55.59,39.70,0.26,38.78,11.0亿,37.51,—,-0.64,0.0360,0.0611,667,226万,8,2.72万,0.63,0.43,—,—,—,—,—,—,—,—,—,—,0,3,—,-2281万,-0.63,-2.15亿
123,603920,世运电路,52.65,-3.77,-2.06,36.7万,2733,52.65,52.66,0.08,5.09,19.30亿,45.52, 元件,54.90,51.69,54.90,54.71,5.87,0.89,3.07,34,52.59,20.5万,16.2万,1.26,67,115,5.87,7.206亿,379.4亿,7.206亿,379.4亿,-6.23,-15.83,16.09,33.70,2026/04/16,58.86,-10.55%,-1,6.06,8.76,1.82,128.22,3.03,47.7万,25.61亿,0.89,5.09,-4.10,-10.37,6.06,1.82,25.79,71.04,-1,379.4亿,379.4亿,1.07万,45.52,46.44,5.87,6.99,1.14,0.870,1.134,9.47,6.42,10.96,29.46,15.26,0.28,22.79,30.1亿,30.48,63.21,0.35,0.0194,0.0364,1395,766万,100,55.15万,0.06,0.29,—,—,—,—,—,—,—,—,—,—,0,4,—,-3.39亿,-1.68,-6.35亿
124,603527,众源新材,12.96,4.35,0.54,29.5万,2765,12.95,12.96,0.08,9.29,3.77亿,30.78, 工业金属,13.30,12.26,12.36,12.42,8.37,1.67,-35.84,-954,12.80,13.9万,15.6万,0.89,591,592,1.99,3.170亿,41.08亿,3.170亿,41.08亿,7.02,7.82,21.74,37.07,2026/04/14,11.90,8.91%,4,16.13,16.86,16.23,47.95,1.55,16.4万,2.02亿,—,—,4.85,11.82,16.13,16.23,32.14,58.48,4,41.08亿,41.08亿,1.37万,30.78,30.27,1.99,0.39,1.23,0.320,0.428,4.89,2.15,16.29,9.19,-131.32,-0.05,1.21,28.3亿,56.31,—,-0.48,0.0174,0.0282,552,68.23万,76,9.39万,1.76,0.34,—,—,—,—,—,—,—,—,—,—,0,3,—,1122万,0.44,4361万
125,600664,哈药股份,3.58,-2.72,-0.10,100万,1.84万,3.58,3.59,0.00,3.98,3.62亿,20.58, 化学制药,3.67,3.58,3.66,3.68,2.45,0.76,8.34,9363,3.61,72.1万,28.1万,2.56,2.60万,1.23万,1.59,25.19亿,90.16亿,25.19亿,90.16亿,-2.45,-8.91,12.23,30.00,2026/04/14,4.04,-11.39%,-2,1.70,3.77,-0.28,5.29,-0.27,96.1万,3.52亿,—,—,-2.19,-7.73,1.70,-0.28,22.80,78.35,-2,90.16亿,90.16亿,2.57万,20.58,20.07,1.59,0.57,—,0.130,0.178,5.96,2.38,-1.92,-35.35,-38.56,-0.05,26.02,76.7亿,54.49,—,-0.54,0.0201,0.0377,5068,185万,2278,83.37万,0.54,0.53,—,—,—,—,—,—,—,—,—,—,0,3,—,-3200万,-0.66,-5808万
126,600469,风神股份,6.39,0.16,0.01,21.9万,1604,6.39,6.40,-0.16,3.01,1.43亿,19.07, 汽车零部件,6.67,6.38,6.49,6.38,4.55,1.47,26.20,2007,6.52,12.6万,9.31万,1.36,486,474,1.23,8.900亿,56.87亿,7.295亿,46.61亿,-1.08,-8.45,6.69,13.21,2026/04/14,7.25,-11.86%,1,-2.59,-7.93,-5.05,22.88,-1.39,13.1万,8350万,—,—,-1.54,-8.84,-2.59,-5.05,11.58,21.08,1,56.87亿,46.61亿,3.39万,19.07,24.86,1.23,0.77,0.51,0.310,0.257,6.57,2.95,13.58,-18.91,-20.94,0.02,15.58,43.2亿,55.07,—,1.72,0.0399,0.0940,2913,189万,348,22.59万,6.39,2.22,—,—,—,—,—,—,—,—,—,—,0,1,—,-2627万,-1.33,-3050万
127,002885,京泉华,31.26,1.99,0.61,23.7万,2625,31.26,31.27,-0.10,10.28,7.43亿,88.38, 其他电子Ⅱ,32.00,30.77,31.21,30.65,4.01,0.89,-82.18,-1734,31.27,11.5万,12.3万,0.94,120,250,5.75,2.709亿,84.69亿,2.309亿,72.18亿,3.58,2.73,30.46,67.94,2026/04/14,27.05,15.56%,2,32.57,21.68,29.17,149.08,1.93,27.2万,8.35亿,—,—,0.16,0.58,32.57,29.17,50.82,119.78,2,84.69亿,72.18亿,4973,88.38,125.01,5.75,2.41,0.07,0.263,0.250,5.00,2.16,23.96,69.74,71.55,0.02,13.19,19.4亿,56.32,—,1.83,0.1237,0.1785,2857,892万,67,20.91万,1.38,1.05,—,—,—,—,—,—,—,—,—,—,0,4,—,5816万,1.16,1.48亿
128,002107,沃华医药,7.31,-3.05,-0.23,25.6万,1955,7.31,7.32,0.00,4.49,1.88亿,28.78, 中药Ⅱ,7.60,7.27,7.60,7.54,4.38,1.11,59.28,4613,7.34,16.0万,9.65万,1.66,435,94,6.24,5.772亿,42.19亿,5.714亿,41.77亿,-2.40,-3.56,13.42,24.69,2026/04/14,7.83,-6.64%,-1,13.16,20.03,8.30,74.05,0.94,21.6万,1.63亿,—,—,-3.82,-3.05,13.16,8.30,20.18,51.34,-1,42.19亿,41.77亿,1.61万,28.78,38.53,6.24,5.16,3.64,0.060,0.190,4.94,4.01,0.55,60.32,62.05,0.26,77.96,2.71亿,28.76,—,0.80,0.0233,0.0473,1329,101万,280,21.28万,0.24,0.61,—,—,—,—,—,—,—,—,—,—,0,2,—,-1816万,-0.88,-3876万
129,603171,税友股份,55.29,-0.56,-0.31,4.93万,554,55.29,55.30,0.00,1.21,2.73亿,152.58, IT服务Ⅱ,56.06,54.91,55.60,55.60,2.07,0.60,32.60,211,55.36,2.83万,2.09万,1.35,372,130,8.90,4.063亿,224.7亿,4.059亿,224.4亿,-0.45,-7.56,4.71,11.37,2026/04/14,54.78,0.93%,-1,10.43,0.29,8.97,26.29,4.67,7.52万,4.14亿,—,—,-0.56,-1.30,10.43,8.97,8.53,22.76,-1,224.7亿,224.4亿,2.82万,152.58,209.81,8.90,10.76,0.36,0.270,0.264,4.39,2.68,11.10,-4.74,-7.64,-0.17,59.19,15.5亿,37.98,—,0.00,0.0059,0.0231,239,133万,32,17.79万,0.71,0.32,—,—,—,—,—,—,—,—,—,—,0,4,—,-351万,-0.06,-5538万
130,603698,航天工程,43.97,10.01,4.00,48.5万,2071,43.97,—,0.00,9.05,20.76亿,108.85, 专用设备,43.97,40.24,40.77,39.97,9.33,1.36,100.00,1.57万,42.79,24.4万,24.1万,1.01,1.51万,0,6.79,5.360亿,235.7亿,5.360亿,235.7亿,9.22,-6.45,17.48,42.46,2026/04/14,35.94,22.34%,2,43.55,13.47,43.93,173.96,1.22,22.7万,9.07亿,—,—,7.85,2.02,43.55,43.93,31.74,87.21,2,235.7亿,235.7亿,7794,108.85,108.85,6.79,5.59,0.30,0.400,0.404,6.24,3.39,23.67,14.43,16.85,-0.05,19.26,43.1亿,46.41,—,2.00,0.0616,0.2043,3301,1346万,143,58.30万,2.83,1.45,09:54:09,6625万,13:25:33,6625万,1.51万,—,—,3.11,—,0.28,1,5,今日首板,3.86亿,5.43,4.53亿
131,603383,顶点软件,32.46,-1.55,-0.51,5.38万,639,32.45,32.46,0.03,2.62,1.76亿,37.41, 软件开发,33.38,32.40,32.86,32.97,2.97,0.85,8.49,85,32.80,3.09万,2.29万,1.35,386,104,4.44,2.054亿,66.67亿,2.054亿,66.67亿,-3.19,-3.91,7.17,18.03,2026/04/14,31.94,1.63%,-1,13.30,-10.11,11.74,-15.88,0.06,4.86万,1.61亿,—,—,-1.22,-2.84,13.30,11.74,13.23,30.77,-1,66.67亿,66.67亿,6960,37.41,37.41,4.44,11.46,2.46,0.870,0.868,11.92,9.60,-12.38,-8.14,-13.49,0.58,70.72,3.88亿,20.44,—,-0.33,0.0186,0.0319,382,126万,65,21.36万,1.28,0.79,—,—,—,—,—,—,—,—,—,—,0,1,—,-2728万,-0.70,-5550万
132,300857,协创数据,259.70,-4.44,-12.07,29.1万,5224,259.70,259.71,-0.01,8.45,76.37亿,77.20, 消费电子,270.00,258.79,267.55,271.77,4.12,0.82,60.22,989,262.84,16.1万,13.0万,1.24,1109,1,21.04,3.461亿,898.9亿,3.440亿,893.3亿,0.66,-0.41,30.09,59.78,2026/04/14,178.04,45.86%,-1,73.98,115.98,65.30,415.07,4.13,35.0万,94.87亿,—,—,-2.93,1.01,73.98,65.30,48.40,100.45,-1,898.9亿,893.3亿,1.08万,77.20,77.20,21.04,7.35,0.13,3.380,3.364,30.03,7.40,65.13,68.32,69.07,0.10,19.24,194亿,81.48,—,-1.55,0.1565,0.2492,5384,1.44亿,4,10.89万,1.08,1.54,—,—,—,—,—,—,—,—,—,—,0,1,—,-8.87亿,-1.58,-5.11亿
133,601778,晶科科技,6.50,-6.61,-0.46,587万,7.22万,6.49,6.50,0.15,16.44,38.35亿,48.97, 电力,6.88,6.34,6.80,6.96,7.76,0.77,19.75,1.29万,6.53,330万,257万,1.28,6151,2986,1.45,35.73亿,232.2亿,35.73亿,232.2亿,-6.34,-0.61,54.39,123.18,2026/04/14,6.03,7.79%,-2,32.92,74.73,30.52,150.00,-2.25,653万,45.41亿,—,—,-4.41,-9.60,32.92,30.52,99.99,216.42,-2,232.2亿,232.2亿,2.75万,48.97,50.45,1.45,5.80,0.42,0.100,0.129,2.21,0.85,-19.73,61.82,-14.95,0.35,42.93,261亿,61.66,—,-2.30,0.1611,0.2117,5.76万,3914万,1.05万,711万,0.17,0.88,—,—,—,—,—,—,—,—,—,—,0,4,—,-3.94亿,-2.23,-5.96亿
134,000026,飞亚达,18.13,0.22,0.04,13.3万,2758,18.12,18.13,0.00,3.65,2.40亿,84.25, 饰品,18.27,17.70,17.93,18.09,3.15,0.68,-4.28,-89,18.06,6.86万,6.45万,1.06,285,197,2.20,4.058亿,73.57亿,3.646亿,66.09亿,-0.38,4.20,10.96,30.60,2026/04/13,16.41,10.48%,2,30.24,10.68,28.86,85.76,1.80,12.0万,2.16亿,—,—,1.12,0.22,30.24,28.86,22.63,56.33,2,73.57亿,66.09亿,1.26万,84.25,84.25,2.20,2.10,0.66,0.215,0.215,2.60,2.26,-10.96,-60.37,-60.15,1.44,35.52,3.97亿,10.63,—,-0.88,0.0538,0.0973,1961,352万,842,151万,6.74,1.63,—,—,—,—,—,—,—,—,—,—,0,2,—,1294万,0.35,-2880万
135,600032,浙江新能,9.87,-4.17,-0.43,66.0万,9579,9.87,9.88,-0.10,2.74,6.59亿,29.03, 电力,10.47,9.84,10.40,10.30,6.12,0.67,10.46,1410,9.98,38.9万,27.1万,1.43,1710,1400,1.83,24.05亿,237.3亿,24.05亿,237.3亿,-9.20,-13.04,8.83,23.37,2026/04/13,9.79,0.82%,-3,-1.00,33.20,0.71,18.35,-2.00,59.7万,6.17亿,—,—,-5.10,-18.02,-1.00,0.71,16.71,40.95,-3,237.3亿,237.3亿,5.11万,29.03,44.28,1.83,4.84,0.53,0.255,0.223,4.81,1.45,-1.56,-4.74,-2.00,0.37,44.74,402亿,67.10,—,0.97,0.0105,0.0455,2534,264万,288,29.95万,0.72,0.42,—,—,—,—,—,—,—,—,—,—,0,5,—,-1.12亿,-2.04,-2.21亿
136,603800,洪田股份,51.92,6.48,3.16,11.6万,1095,51.90,51.92,0.14,5.57,5.86亿,129.70, 专用设备,52.04,46.99,47.00,48.76,10.36,1.19,39.12,209,50.61,4.77万,6.81万,0.70,13,2,12.53,2.080亿,108.0亿,2.080亿,108.0亿,0.82,5.89,15.11,29.05,2026/04/13,47.97,8.23%,1,36.20,6.46,32.62,91.59,-4.39,13.0万,6.42亿,—,—,10.47,8.05,36.20,32.62,25.17,43.90,1,108.0亿,108.0亿,1.02万,129.70,114.53,12.53,9.05,0.19,0.310,0.453,7.46,2.68,-16.99,-26.66,-22.13,0.05,25.17,17.2亿,62.79,—,-3.61,0.0558,0.1052,1160,545万,50,23.50万,2.21,0.89,—,—,—,—,—,—,—,—,—,—,0,1,—,-2478万,-0.43,2575万
137,002943,宇晶股份,68.81,8.43,5.35,15.5万,935,68.81,68.82,-0.06,10.61,10.35亿,469.31, 通用设备,69.12,63.48,63.74,63.46,8.89,0.84,-21.43,-70,66.95,6.94万,8.51万,0.82,37,132,15.83,2.055亿,141.4亿,1.456亿,100.2亿,12.86,21.42,32.58,74.16,2026/04/13,51.26,34.24%,5,49.62,73.76,46.90,204.74,1.37,14.7万,9.13亿,—,—,7.95,21.70,49.62,46.90,63.10,125.59,5,141.4亿,100.2亿,1.35万,469.31,-36.82,15.83,17.45,—,0.081,-1.869,1.82,0.57,-24.03,-28.99,-61.19,0.17,24.05,19.0亿,67.94,—,0.44,0.0472,0.0522,687,438万,1,6374,0.76,0.47,—,—,—,—,—,—,—,—,—,—,0,7,—,8026万,0.89,2.37亿
138,603350,安乃达,34.91,-0.71,-0.25,1.26万,88,34.88,34.91,0.20,2.85,4355万,35.35, 电机Ⅱ,35.10,34.10,35.10,35.16,2.84,1.07,-14.14,-74,34.65,5958,6609,0.90,6,255,3.04,1.165亿,40.67亿,4412万,15.40亿,-1.77,-3.22,7.28,16.12,2026/04/13,38.14,-8.47%,-1,-0.40,-8.35,-1.58,9.44,0.89,8552,3013万,—,—,-0.54,-0.96,-0.40,-1.58,11.78,32.97,-1,40.67亿,15.40亿,3960,35.35,35.35,3.04,2.03,1.72,0.990,0.987,8.67,4.96,31.14,4.62,5.79,0.00,15.53,10.8亿,44.59,—,-0.17,0.0508,0.0656,224,78.62万,91,31.94万,112.00,2.62,—,—,—,—,—,—,—,—,—,—,0,1,—,-433万,-0.36,-210万
139,002297,博云新材,24.50,5.56,1.29,195万,2.79万,24.49,24.50,-0.77,33.99,46.79亿,227.01, 航空装备Ⅱ,25.40,22.50,23.44,23.21,12.49,1.01,-82.72,-3773,24.02,98.0万,96.8万,1.01,34,3998,6.60,5.731亿,140.4亿,5.731亿,140.4亿,19.34,20.75,106.51,201.71,2026/04/13,12.08,102.81%,3,124.15,104.68,122.73,284.62,2.79,214万,48.68亿,—,—,4.52,10.16,124.15,122.73,163.80,312.29,3,140.4亿,140.4亿,8661,227.01,227.01,6.60,15.42,—,0.108,0.108,2.97,1.99,27.77,192.00,140.91,0.12,28.29,9.48亿,30.30,—,0.99,0.6593,0.8515,3.78万,8857万,41,9.70万,0.96,1.77,—,—,—,—,—,—,—,—,—,—,0,8,—,-2003万,-0.18,-9662万
140,000612,焦作万方,13.29,-0.97,-0.13,41.1万,2114,13.29,13.30,-0.08,3.45,5.48亿,14.79, 工业金属,13.65,13.13,13.30,13.42,3.87,1.06,4.85,477,13.32,24.1万,17.0万,1.42,1622,2650,2.20,11.92亿,158.4亿,11.92亿,158.4亿,0.91,-1.48,10.89,19.72,2026/04/13,13.51,-1.63%,-1,11.77,20.60,11.12,103.21,4.19,51.2万,6.77亿,—,—,-0.08,1.22,11.77,11.12,16.13,33.22,-1,158.4亿,158.4亿,1.54万,14.79,14.79,2.20,2.44,2.45,0.898,0.898,16.00,12.76,0.46,81.95,74.88,0.73,22.43,15.3亿,17.59,—,-0.89,0.0285,0.0378,3398,452万,79,10.51万,0.80,0.66,—,—,—,—,—,—,—,—,—,—,0,2,—,-2169万,-0.18,3244万
141,600654,中安科,3.92,-3.45,-0.14,233万,5.56万,3.92,3.93,-0.25,10.05,9.18亿,212.99, 软件开发,4.06,3.89,4.06,4.06,4.19,1.36,48.89,5.25万,3.94,124万,109万,1.15,2356,3272,7.24,28.78亿,112.8亿,23.17亿,90.84亿,3.70,-4.62,26.00,46.95,2026/04/13,4.49,-12.69%,-1,17.01,3.98,16.32,35.17,10.03,220万,8.82亿,—,—,-3.45,0.77,17.01,16.32,38.13,95.79,-1,112.8亿,90.84亿,2.03万,212.99,212.99,7.24,3.67,—,0.019,0.018,3.46,1.43,0.63,164.41,-33.69,0.06,14.95,20.8亿,57.18,—,0.00,0.4317,0.6681,10.0万,4062万,2878,117万,2.23,4.54,—,—,—,—,—,8349万,20.6万,—,9.33,—,0,5,昨日首板,-1.06亿,-1.80,1.14亿
142,002515,金字火腿,6.52,3.16,0.20,98.3万,1.06万,6.51,6.52,0.00,8.12,6.17亿,268.91, 食品加工,6.54,6.07,6.25,6.32,7.44,1.51,-74.92,-1.50万,6.27,44.5万,53.8万,0.83,593,5690,3.02,12.11亿,78.93亿,12.11亿,78.93亿,4.99,-0.61,16.80,35.04,2026/04/13,6.24,4.49%,2,17.48,7.06,15.40,22.33,2.76,65.0万,3.98亿,—,—,4.32,-0.76,17.48,15.40,26.91,66.43,2,78.93亿,78.93亿,2.62万,268.91,145.26,3.02,25.65,0.46,0.018,0.045,0.84,0.80,-13.97,-26.25,5.45,-1.05,23.85,5775万,2.16,—,-1.11,0.0431,0.0478,5214,326万,340,21.27万,4.40,0.80,—,—,—,—,—,—,—,—,—,—,0,1,—,8210万,1.15,1.07亿
143,000968,蓝焰控股,9.15,0.33,0.03,43.8万,6730,9.15,9.16,-0.11,4.53,4.04亿,24.77, 油气开采Ⅱ,9.36,9.09,9.32,9.12,2.96,0.74,-2.23,-330,9.22,22.2万,21.6万,1.03,3001,527,1.43,9.675亿,88.53亿,9.675亿,88.53亿,3.27,3.74,14.72,35.10,2026/04/13,10.18,-10.12%,4,-10.99,38.43,-7.76,49.02,1.00,43.9万,4.00亿,—,—,-1.82,-1.08,-10.99,-7.76,25.60,59.80,4,88.53亿,88.53亿,2.24万,24.77,22.09,1.43,4.26,0.33,0.280,0.414,4.41,2.29,-10.38,-11.16,-14.14,0.56,31.24,49.5亿,44.46,—,2.19,0.0445,0.1030,4306,401万,109,10.14万,0.99,0.98,—,—,—,—,—,—,—,—,—,—,0,8,—,-416万,-0.11,-6969万
144,002467,二六三,6.82,1.04,0.07,88.2万,1.23万,6.82,6.83,0.00,6.45,5.99亿,-32.98, 通信服务,6.91,6.66,6.74,6.75,3.70,0.91,1.53,833,6.79,42.2万,46.0万,0.92,1.10万,3362,5.91,13.75亿,93.80亿,13.67亿,93.22亿,0.44,-7.59,17.60,41.78,2026/04/13,7.87,-13.34%,2,-7.46,11.99,-8.58,32.68,1.96,73.7万,4.96亿,—,—,1.19,-4.48,-7.46,-8.58,31.33,90.62,2,93.80亿,93.22亿,9152,-32.98,-32.98,5.91,11.77,—,-0.210,-0.207,-16.34,-12.34,-8.12,-515.01,-610.21,0.28,42.42,4.09亿,19.72,—,-0.15,0.0403,0.0457,5503,371万,374,25.21万,0.70,0.75,—,—,—,—,—,—,—,—,—,—,0,5,—,-400万,-0.05,-6343万
145,600982,宁波能源,6.06,2.36,0.14,86.6万,9672,6.05,6.06,0.00,7.75,5.32亿,21.02, 电力,6.32,6.04,6.04,5.92,4.73,1.04,-28.41,-8543,6.15,44.6万,42.0万,1.06,4698,2661,1.54,11.18亿,67.73亿,11.18亿,67.73亿,1.17,-1.14,18.45,44.85,2026/04/13,5.79,4.66%,1,1.68,39.63,9.78,38.04,-1.17,54.8万,3.24亿,—,—,0.33,-4.57,1.68,9.78,32.01,85.81,1,67.73亿,67.73亿,2.10万,21.02,20.56,1.54,1.76,2.48,0.209,0.295,5.33,1.88,-12.70,22.53,46.21,0.11,19.35,101亿,61.25,—,2.03,0.0729,0.1484,8143,492万,470,28.39万,6.21,1.49,—,—,—,—,—,—,—,—,—,—,0,4,—,-510万,-0.15,-2860万
146,603088,宁波精达,11.94,-2.93,-0.36,18.0万,2124,11.94,11.95,0.00,4.12,2.17亿,49.94, 通用设备,12.34,11.93,12.30,12.30,3.33,0.88,51.34,2471,12.05,11.1万,6.95万,1.59,236,342,5.26,5.024亿,59.99亿,4.379亿,52.28亿,-11.23,-13.91,16.16,27.64,2026/04/12,13.44,-11.16%,-3,0.59,15.59,-1.97,27.84,-4.95,38.1万,4.62亿,0.88,4.12,-2.93,-11.95,0.59,-1.97,22.95,56.75,-3,59.99亿,52.28亿,1.33万,49.94,49.94,5.26,6.81,1.42,0.250,0.239,12.23,7.40,7.75,-27.03,-26.10,0.27,35.40,8.04亿,40.82,71.10,0.00,0.0173,0.0336,758,93.23万,7,8610,0.20,0.20,—,—,—,—,—,—,—,—,—,—,0,3,—,-975万,-0.36,-678万
147,603200,上海洗霸,62.03,0.13,0.08,4.74万,480,62.03,62.04,0.02,2.70,2.96亿,68.34, 环境治理,62.99,61.36,61.36,61.95,2.63,0.57,54.13,262,62.33,2.57万,2.17万,1.18,94,9,10.03,1.755亿,108.9亿,1.755亿,108.9亿,-2.19,-9.92,11.52,26.25,2026/04/12,61.71,0.52%,2,8.54,-12.81,5.10,71.69,1.64,8.34万,5.04亿,0.57,2.70,1.09,-4.72,8.54,5.10,19.63,56.24,2,108.9亿,108.9亿,4436,68.34,95.47,10.03,22.24,0.15,0.681,0.650,11.77,6.69,-5.52,146.80,-29.86,0.08,33.49,6.62亿,35.93,5.85,-0.95,0.0267,0.0546,469,288万,62,38.04万,0.27,0.56,—,—,—,—,—,—,—,—,—,—,0,2,—,288万,0.05,-9575万
148,002363,隆基机械,8.40,1.33,0.11,7.27万,1516,8.39,8.40,0.00,1.75,6079万,63.35, 汽车零部件,8.40,8.25,8.28,8.29,1.81,0.81,1.38,74,8.36,3.49万,3.78万,0.92,284,390,1.64,4.169亿,35.02亿,4.158亿,34.92亿,1.82,-1.52,5.67,12.49,2026/04/12,8.67,-3.11%,2,5.40,-16.83,4.61,32.28,2.47,8.75万,7227万,0.81,1.75,1.45,2.07,5.40,4.61,9.45,22.60,2,35.02亿,34.92亿,1.16万,63.35,67.75,1.64,1.61,0.72,0.100,0.124,1.95,1.16,-12.13,12.82,14.39,0.30,9.51,9.36亿,30.10,49.80,-0.12,0.0016,0.0028,67,5.55万,17,1.41万,0.15,0.08,—,—,—,—,—,—,—,—,—,—,0,1,—,-83.3万,-0.04,-356万
149,603889,新澳股份,8.71,-0.80,-0.07,14.4万,1825,8.71,8.72,0.00,1.99,1.26亿,13.25, 纺织制造,8.89,8.63,8.78,8.78,2.96,1.08,12.53,550,8.73,9.41万,5.00万,1.88,698,267,1.72,7.302亿,63.60亿,7.247亿,63.12亿,-1.47,-4.81,4.62,11.24,2026/04/12,8.75,-0.46%,-1,13.56,9.56,11.67,61.00,0.46,9.57万,8374万,1.07,1.99,-0.80,-2.02,13.56,11.67,8.23,20.59,-1,63.60亿,63.12亿,5.69万,13.25,13.25,1.72,1.26,4.02,0.660,0.658,13.60,8.55,4.37,12.10,14.51,0.25,19.96,23.3亿,36.54,53.23,0.00,0.0053,0.0096,383,33.63万,127,11.15万,0.82,0.40,—,—,—,—,—,—,—,—,—,—,0,1,—,154万,0.04,468万
